Peak Brightness Date/Time (UT),Latitude (deg.),Longitude (deg.),Altitude (km),Velocity (km/s),vx,vy,vz,Total Radiated Energy (J),Calculated Total Impact Energy (kt),a,Latitude,Latitude (deg.),Longitud (dg.),long,b
12-10-2007 09:14,88.5N,116.6E,37,18.4,-4.5,-14.1,-10.9,3.30E+10,0.11,1,88.5,88.5,116.6,-116.6,-1
13-12-2014 02:53,86.7N,162.1W,30.7,21.7,15.3,-13.3,-7.8,4.40E+10,0.15,1,86.7,86.7,162.1,162.1,1
17-07-2018 15:17,82.5N,136.7W,,,,,,2.11E+11,0.59,1,82.5,82.5,136.7,136.7,1
23-11-1998 20:20,82.3N,160.1E,,,,,,2.50E+10,0.089,1,82.3,82.3,160.1,-160.1,-1
01-02-1999 14:24,80.0N,154.2E,,,,,,2.80E+10,0.098,1,80,80,154.2,-154.2,-1
04-10-1991 09:22,78.7N,6.3E,,,,,,5.50E+11,1.4,1,78.7,78.7,6.3,-6.3,-1
08-11-2022 08:54,77.2N,93.2W,41,,,,,3.90E+10,0.13,1,77.2,77.2,93.2,93.2,1
25-07-2018 21:55,76.9N,69.0W,43.3,24.4,20.4,12.9,-3.8,8.77E+11,2.1,1,76.9,76.9,69,69,1
04-05-2012 21:54,76.7N,10.6W,,,,,,2.29E+11,0.63,1,76.7,76.7,10.6,10.6,1
09-12-2014 21:19,76.6N,96.3E,26.3,,,,,7.80E+10,0.24,1,76.6,76.6,96.3,-96.3,-1
15-02-1996 02:38,76.0N,127.0W,,,,,,5.00E+10,0.16,1,76,76,127,127,1
09-02-2021 23:27,75.8N,92.8W,31,13.1,-5.2,6.3,-10.3,3.00E+10,0.1,1,75.8,75.8,92.8,92.8,1
17-02-2008 12:19,74.9N,73.4W,40.4,13.9,-5.8,-10.7,-6.7,1.10E+11,0.33,1,74.9,74.9,73.4,73.4,1
10-11-2010 08:26,74.5N,77.7W,,,,,,6.80E+10,0.22,1,74.5,74.5,77.7,77.7,1
08-07-2008 15:55,72.8N,147.3E,52.2,21.7,-12.9,1.9,-17.4,6.60E+10,0.21,1,72.8,72.8,147.3,-147.3,-1
07-04-2018 03:05,72.4N,78.7W,31.5,,,,,8.60E+10,0.27,1,72.4,72.4,78.7,78.7,1
02-04-2021 15:52,71.2N,106.7E,40,14.1,-8.9,6.3,-9,1.37E+11,0.4,1,71.2,71.2,106.7,-106.7,-1
06-04-2011 08:30,71.1N,43.5W,22.2,12.7,3.3,11.8,-3.5,1.48E+11,0.43,1,71.1,71.1,43.5,43.5,1
11-03-2022 21:22,70.0N,9.1W,33.3,17.2,-11.5,-5.3,-11.7,1.85E+12,4,1,70,70,9.1,9.1,1
07-06-2006 00:06,69.2N,22.5E,40.7,19.6,6.1,4.6,-18,5.90E+10,0.19,1,69.2,69.2,22.5,-22.5,-1
23-06-2000 09:03,69.2N,44.0W,,,,,,2.00E+10,0.073,1,69.2,69.2,44,44,1
26-02-2015 22:06,68.0N,149.0W,33.7,21.1,5.6,-2.3,-20.2,1.88E+11,0.53,1,68,68,149,149,1
16-06-2011 11:51,67.3N,21.4W,40.5,,,,,2.40E+10,0.086,1,67.3,67.3,21.4,21.4,1
01-01-2022 20:23,66.1N,152.6W,35.5,,,,,1.45E+11,0.42,1,66.1,66.1,152.6,152.6,1
28-01-2001 16:19,66.0N,31.3E,,,,,,1.08E+11,0.32,1,66,66,31.3,-31.3,-1
15-03-2019 12:26,63.7N,95.7E,31.5,14.4,5.4,-13.2,1.7,4.60E+10,0.15,1,63.7,63.7,95.7,-95.7,-1
27-07-2012 04:19,63.1N,172.3E,27.2,,,,,3.40E+10,0.12,1,63.1,63.1,172.3,-172.3,-1
20-12-2021 23:15,62.7N,60.3E,56,18.2,10.3,-7.1,-13.2,3.20E+10,0.11,1,62.7,62.7,60.3,-60.3,-1
09-12-1997 08:15,62.7N,49.9W,,,,,,2.70E+11,0.73,1,62.7,62.7,49.9,49.9,1
30-11-2004 08:32,61.0N,171.0W,,,,,,1.81E+11,0.51,1,61,61,171,171,1
15-07-2010 01:49,60.9N,178.1W,,,,,,2.40E+10,0.086,1,60.9,60.9,178.1,178.1,1
01-02-2002 19:07,60.7N,116.6E,,,,,,7.00E+10,0.22,1,60.7,60.7,116.6,-116.6,-1
25-01-2013 07:40,60.3N,64.6W,,,,,,3.40E+12,6.9,1,60.3,60.3,64.6,64.6,1
18-01-2000 16:43,60.3N,134.6W,,,,,,1.05E+12,2.4,1,60.3,60.3,134.6,134.6,1
15-12-2017 13:14,60.2N,170.0E,20,31.4,27.8,-4.7,-13.9,3.11E+12,6.4,1,60.2,60.2,170,-170,-1
07-11-2020 21:27,59.8N,16.8E,22.3,16.7,-10.8,1.2,-12.7,1.11E+11,0.33,1,59.8,59.8,16.8,-16.8,-1
20-10-2021 00:43,59.0N,154.3E,31.4,27.5,12.9,4.2,-23.9,2.00E+10,0.073,1,59,59,154.3,-154.3,-1
27-01-2006 01:27,58.7N,74.7E,20,,,,,4.50E+10,0.15,1,58.7,58.7,74.7,-74.7,-1
06-03-2000 08:29,58.0N,175.0E,,,,,,9.60E+11,2.2,1,58,58,175,-175,-1
24-09-2002 16:48,57.9N,112.9E,,,,,,8.60E+11,2,1,57.9,57.9,112.9,-112.9,-1
06-04-2023 14:47,57.4N,109.9E,31.2,22.1,8.6,3.6,-20,7.20E+10,0.23,1,57.4,57.4,109.9,-109.9,-1
23-06-2017 20:21,57.0N,143.7E,35.1,24.3,17.7,13.1,-10.3,1.84E+11,0.52,1,57,57,143.7,-143.7,-1
18-12-2018 23:48,56.9N,172.4E,26,13.6,6.3,-3,-31.2,3.13E+13,49,1,56.9,56.9,172.4,-172.4,-1
26-05-2019 10:07,56.6N,25.3W,24.4,17.5,3.8,-5.8,16.1,4.20E+10,0.14,1,56.6,56.6,25.3,25.3,1
07-02-2009 19:51,56.6N,69.8E,40,15.4,-2.4,-1.9,-15.1,1.60E+12,3.5,1,56.6,56.6,69.8,-69.8,-1
21-12-2019 14:30,56.5N,147.6W,35.5,22.2,14.9,-8.1,-14.3,6.50E+10,0.21,1,56.5,56.5,147.6,147.6,1
06-04-2019 11:59,56.5N,94.9E,41.5,18.1,6.2,11.1,-12.9,7.00E+10,0.22,1,56.5,56.5,94.9,-94.9,-1
06-01-2018 21:24,55.8N,52.5E,26,21,0.8,2.2,-20.9,2.80E+10,0.098,1,55.8,55.8,52.5,-52.5,-1
09-06-2009 22:42,54.9N,152.7W,34.2,,,,,2.81E+11,0.76,1,54.9,54.9,152.7,152.7,1
15-02-2013 03:20,54.8N,61.1E,23.3,18.6,12.8,-13.3,-2.4,3.75E+14,440,1,54.8,54.8,61.1,-61.1,-1
12-09-2019 12:49,54.5N,9.2E,42,18.5,-18.1,-0.4,3.7,1.69E+11,0.48,1,54.5,54.5,9.2,-9.2,-1
15-05-2003 06:28,54.0N,80.4W,,,,,,4.30E+10,0.14,1,54,54,80.4,80.4,1
29-09-2021 10:50,53.9N,148.0W,28,21.2,-3.5,-9,-18.9,1.37E+11,0.4,1,53.9,53.9,148,148,1
01-03-2011 10:37,53.5N,103.9E,30.6,11.9,-6.7,-1.1,-9.8,3.70E+10,0.13,1,53.5,53.5,103.9,-103.9,-1
21-11-2008 00:26,53.1N,109.9W,28.2,12.9,3.9,-4.1,-11.6,1.42E+11,0.41,1,53.1,53.1,109.9,109.9,1
21-06-2018 01:16,52.8N,38.1E,27.2,14.4,-8.9,-4.3,-10.5,1.22E+12,2.8,1,52.8,52.8,38.1,-38.1,-1
06-04-2010 18:33,52.8N,146.5W,,,,,,8.00E+10,0.25,1,52.8,52.8,146.5,146.5,1
29-05-1994 09:30,52.8N,2.3E,,,,,,3.84E+11,1,1,52.8,52.8,2.3,-2.3,-1
27-10-2001 19:20,52.7N,3.8E,,,,,,3.60E+10,0.12,1,52.7,52.7,3.8,-3.8,-1
21-10-2021 10:32,51.5N,51.4E,30,15.9,-14.1,-7,-1.9,3.70E+10,0.13,1,51.5,51.5,51.4,-51.4,-1
18-01-1995 10:17,51.5N,115.4E,,,,,,7.00E+10,0.22,1,51.5,51.5,115.4,-115.4,-1
20-12-2007 17:00,51.3N,115.4E,,,,,,1.22E+11,0.36,1,51.3,51.3,115.4,-115.4,-1
02-09-2003 20:00,51.3N,161.0W,,,,,,3.85E+11,1,1,51.3,51.3,161,161,1
31-10-1993 03:39,51.3N,100.9W,,,,,,4.00E+10,0.13,1,51.3,51.3,100.9,100.9,1
09-10-2012 00:54,51.2N,84.6W,27.8,13.5,3.4,12,5.1,2.10E+11,0.58,1,51.2,51.2,84.6,84.6,1
15-12-2000 03:46,50.4N,58.9E,,,,,,2.70E+10,0.095,1,50.4,50.4,58.9,-58.9,-1
30-01-2022 02:06,50.0N,38.0W,36.6,20,-10.8,16.8,1,5.40E+10,0.18,1,50,50,38,38,1
25-06-1999 06:27,50.0N,121.0E,69,,,,,1.24E+11,0.37,1,50,50,121,-121,-1
06-05-2000 11:51,49.9N,18.4E,,,,,,2.80E+10,0.098,1,49.9,49.9,18.4,-18.4,-1
14-10-2006 18:10,49.4N,175.0W,44.4,23.9,4.9,23.4,-1,2.58E+11,0.7,1,49.4,49.4,175,175,1
05-09-2017 05:11,49.3N,116.9W,36,14.7,12.7,-6.1,-4.2,3.80E+10,0.13,1,49.3,49.3,116.9,116.9,1
19-02-2008 13:30,48.9N,119.8W,,,,,,2.00E+10,0.073,1,48.9,48.9,119.8,119.8,1
03-06-2004 09:40,48.9N,120.4W,,,,,,5.40E+10,0.18,1,48.9,48.9,120.4,120.4,1
02-02-2021 10:03,48.7N,80.1E,20,12.8,4,-6.7,-10.1,3.10E+10,0.11,1,48.7,48.7,80.1,-80.1,-1
28-02-2010 22:24,48.7N,21.0E,37,15.1,-11.7,2.7,-9.1,1.53E+11,0.44,1,48.7,48.7,21,-21,-1
19-10-2020 07:05,48.6N,93.9E,40.7,,,,,2.10E+10,0.076,1,48.6,48.6,93.9,-93.9,-1
20-01-2002 16:42,48.4N,165.0W,,,,,,1.04E+11,0.31,1,48.4,48.4,165,165,1
17-02-2005 22:52,48.0N,161.5W,42.5,,,,,1.00E+11,0.3,1,48,48,161.5,161.5,1
18-06-2005 19:40,47.9N,85.6E,,,,,,2.30E+10,0.082,1,47.9,47.9,85.6,-85.6,-1
12-01-2009 22:24,47.8N,44.3W,,,,,,4.80E+10,0.16,1,47.8,47.8,44.3,44.3,1
11-12-2019 01:19,47.7N,161.7E,37,17.8,13.7,-10.9,-3.3,3.90E+10,0.13,1,47.7,47.7,161.7,-161.7,-1
17-11-2018 21:48,47.3N,172.9W,32.5,19.1,7.6,17.3,-2.7,2.20E+11,0.61,1,47.3,47.3,172.9,172.9,1
26-04-2023 13:14,47.0N,10.7W,29.6,16.2,-15.6,-3.8,-1.8,2.40E+10,0.086,1,47,47,10.7,10.7,1
02-01-1999 18:25,47.0N,103.0E,65,,,,,3.50E+10,0.12,1,47,47,103,-103,-1
03-05-2018 07:23,46.9N,7.5W,39,11.5,1.3,-2.1,-11.2,3.80E+10,0.13,1,46.9,46.9,7.5,7.5,1
01-03-2012 03:12,46.9N,29.8W,,,,,,2.20E+10,0.079,1,46.9,46.9,29.8,29.8,1
22-05-2008 20:50,46.9N,134.5E,,,,,,2.10E+10,0.076,1,46.9,46.9,134.5,-134.5,-1
01-10-1997 14:26,46.7N,108.9E,,,,,,6.20E+10,0.2,1,46.7,46.7,108.9,-108.9,-1
05-08-2016 18:02,46.4N,171.6E,32.4,,,,,1.21E+11,0.36,1,46.4,46.4,171.6,-171.6,-1
04-01-1995 04:16,46.4N,12.1E,,,,,,4.10E+10,0.14,1,46.4,46.4,12.1,-12.1,-1
28-02-2020 09:30,45.7N,15.1E,34.5,21.5,-18.2,-11.3,-2.1,1.15E+11,0.34,1,45.7,45.7,15.1,-15.1,-1
07-01-2015 01:05,45.7N,26.9E,45.5,35.7,-35.4,1.8,-4.4,1.36E+11,0.4,1,45.7,45.7,26.9,-26.9,-1
07-11-2009 11:31,45.5N,157.7W,,,,,,2.20E+10,0.079,1,45.5,45.5,157.7,157.7,1
22-01-2007 07:24,45.4N,53.5E,32,13.4,-3.3,-12.8,-1.9,7.60E+10,0.24,1,45.4,45.4,53.5,-53.5,-1
15-06-1994 00:02,45.0N,73.5W,,,,,,4.10E+10,0.14,1,45,45,73.5,73.5,1
09-05-2020 02:56,44.8N,131.0W,31.2,14.5,-13,-4,-5,4.10E+10,0.14,1,44.8,44.8,131,131,1
21-11-2013 01:50,44.7N,35.3E,59.3,12.4,-5,-11,-2.7,7.50E+10,0.23,1,44.7,44.7,35.3,-35.3,-1
23-07-2019 20:42,44.6N,147.6W,30.6,16.1,1.5,15.1,-5.5,2.55E+11,0.69,1,44.6,44.6,147.6,147.6,1
01-01-2007 11:43,44.4N,116.5E,53,,,,,3.60E+10,0.12,1,44.4,44.4,116.5,-116.5,-1
05-07-2021 03:46,44.3N,164.2W,43.4,15.7,0.7,15.7,-0.5,7.40E+11,1.8,1,44.3,44.3,164.2,164.2,1
10-10-2019 16:16,44.3N,122.9E,47.3,14.1,1.5,-12.9,-5.4,2.06E+11,0.57,1,44.3,44.3,122.9,-122.9,-1
04-11-2014 20:13,43.1N,115.8E,22.2,16,-7.2,-12.1,-7.7,1.56E+11,0.45,1,43.1,43.1,115.8,-115.8,-1
08-02-2018 22:21,42.9N,179.7E,43.5,,,,,2.59E+11,0.7,1,42.9,42.9,179.7,-179.7,-1
31-03-2005 22:15,42.8N,36.2W,,,,,,3.80E+10,0.13,1,42.8,42.8,36.2,36.2,1
13-09-2018 00:51,42.5N,50.1W,,,,,,4.20E+10,0.14,1,42.5,42.5,50.1,50.1,1
04-09-2009 02:23,42.5N,110.0E,28.3,24,19.2,-11.6,-8.5,9.65E+11,2.3,1,42.5,42.5,110,-110,-1
29-07-2021 13:19,42.4N,98.4E,26.4,14.7,-1.6,-11.9,-8.4,3.70E+10,0.13,1,42.4,42.4,98.4,-98.4,-1
29-12-2022 06:52,42.3N,92.9E,32.3,16.4,0.2,-12.3,-10.9,6.20E+10,0.2,1,42.3,42.3,92.9,-92.9,-1
15-11-2018 08:02,42N,57W,,,,,,2.00E+10,0.073,1,42,42,57,57,1
27-03-2003 05:50,41.4N,87.7W,45,,,,,1.42E+11,0.41,1,41.4,41.4,87.7,87.7,1
15-12-2000 13:22,41.3N,95.2E,,,,,,2.62E+11,0.71,1,41.3,41.3,95.2,-95.2,-1
23-07-2001 22:19,41.0N,77.0W,,,,,,1.24E+12,2.8,1,41,41,77,77,1
14-09-2022 23:31,40.8N,63.4E,35.8,17.4,-13.9,-4.3,9.5,3.20E+10,0.11,1,40.8,40.8,63.4,-63.4,-1
07-06-2022 22:53,40.8N,127.1W,41.1,24.9,23.1,2,-9.2,3.10E+10,0.11,1,40.8,40.8,127.1,127.1,1
27-05-2020 17:30,40.8N,41.7E,29.3,14.9,-6,-7.3,-11.5,5.70E+10,0.18,1,40.8,40.8,41.7,-41.7,-1
09-03-2017 04:16,40.5N,18.0W,23,36.5,-15.3,25.8,-20.8,4.00E+11,1,1,40.5,40.5,18,18,1
18-11-2009 07:07,40.4N,113.2W,31.5,,,,,7.36E+11,1.8,1,40.4,40.4,113.2,113.2,1
07-07-1995 17:33,40.2N,76.1W,,,,,,1.40E+11,0.41,1,40.2,40.2,76.1,76.1,1
03-03-2023 02:53,40.1N,87.4E,32,25.3,16.1,-19.3,2.6,6.40E+10,0.2,1,40.1,40.1,87.4,-87.4,-1
25-02-2003 23:13,40.0N,116.0E,,,,,,3.30E+10,0.11,1,40,40,116,-116,-1
23-12-2013 08:30,39.5N,2.0E,34.3,15.1,-1.1,11.4,-9.9,1.47E+11,0.43,1,39.5,39.5,2,-2,-1
02-09-2015 20:10,39.1N,40.2E,39.8,24.1,10.3,-12.2,-18,3.70E+10,0.13,1,39.1,39.1,40.2,-40.2,-1
16-08-2019 20:36,38.9N,7.0E,36,14.9,-3.9,4,-13.8,2.50E+10,0.089,1,38.9,38.9,7,-7,-1
29-01-2021 16:12,38.8N,51.3W,30,14.3,-14.2,1.9,-0.6,7.70E+10,0.24,1,38.8,38.8,51.3,51.3,1
04-07-2015 01:40,38.6N,103.1E,46.3,49,0.9,-40.4,-27.7,5.60E+10,0.18,1,38.6,38.6,103.1,-103.1,-1
23-07-2008 14:45,38.6N,68.0E,31.5,14.5,-7.7,-8.2,-9.1,1.21E+11,0.36,1,38.6,38.6,68,-68,-1
25-01-2021 03:01,38.5N,47.6W,19.1,,,,,7.50E+10,0.23,1,38.5,38.5,47.6,47.6,1
12-04-2016 09:51,38.3N,162.2E,,,,,,2.00E+10,0.073,1,38.3,38.3,162.2,-162.2,-1
25-12-2010 23:24,38.0N,158.0E,26,18.1,18,-2,-4,2.00E+13,33,1,38,38,158,-158,-1
31-12-2009 12:50,37.9N,178.3W,20.7,,,,,1.02E+11,0.31,1,37.9,37.9,178.3,178.3,1
21-04-2015 01:42,37.7N,39.6W,37.4,21.3,-15.3,12.8,7.4,8.80E+10,0.27,1,37.7,37.7,39.6,39.6,1
03-03-2002 21:10,37.5N,154.0E,,,,,,8.20E+10,0.25,1,37.5,37.5,154,-154,-1
01-07-2008 17:40,37.1N,115.7W,36.1,9.8,2.8,1.7,-9.2,3.60E+10,0.12,1,37.1,37.1,115.7,115.7,1
04-02-2006 08:38,36.9N,143.6W,38.9,19.8,-8.8,3.4,-17.4,1.00E+11,0.3,1,36.9,36.9,143.6,143.6,1
28-12-2020 17:27,36.8N,54.7W,28.3,15.2,1.5,3.5,-14.7,5.70E+10,0.18,1,36.8,36.8,54.7,54.7,1
03-06-2000 03:24,36.8N,74.8W,,,,,,3.00E+10,0.1,1,36.8,36.8,74.8,74.8,1
13-08-2000 03:00,36.7N,127.8W,,,,,,6.50E+10,0.21,1,36.7,36.7,127.8,127.8,1
21-02-2016 05:58,36.5N,37.2W,32,,,,,3.69E+11,0.96,1,36.5,36.5,37.2,37.2,1
25-07-2012 07:48,36.4N,41.5E,26.8,18.5,0.8,2,-18.4,1.33E+11,0.39,1,36.4,36.4,41.5,-41.5,-1
04-05-2009 11:39,36.4N,160.4W,40.7,,,,,1.40E+11,0.41,1,36.4,36.4,160.4,160.4,1
01-10-2016 20:23,36.2N,6.7E,27.8,14.2,-10,3.9,-9.3,3.10E+10,0.11,1,36.2,36.2,6.7,-6.7,-1
23-04-2012 22:01,36.2N,107.4E,25.2,,,,,4.40E+10,0.15,1,36.2,36.2,107.4,-107.4,-1
11-12-2004 15:36,36.0N,104.1E,,,,,,3.00E+10,0.1,1,36,36,104.1,-104.1,-1
28-11-2019 20:30,35.7N,31.7W,35,13,-11.6,-2.5,-5.4,2.70E+10,0.095,1,35.7,35.7,31.7,31.7,1
30-04-2013 08:40,35.5N,30.7W,21.2,12.1,1,9,-8,5.11E+12,10,1,35.5,35.5,30.7,30.7,1
15-02-1997 15:23,35.5N,115.6E,,,,,,1.50E+11,0.43,1,35.5,35.5,115.6,-115.6,-1
04-04-2019 22:19,35.3N,93.9W,,,,,,2.80E+10,0.098,1,35.3,35.3,93.9,93.9,1
16-08-1999 05:18,35.0N,107.2W,,,,,,3.60E+10,0.12,1,35,35,107.2,107.2,1
27-06-2000 10:06,34.9N,36.8E,,,,,,2.70E+10,0.095,1,34.9,34.9,36.8,-36.8,-1
05-06-2005 01:56,34.8N,90.9E,,,,,,4.10E+10,0.14,1,34.8,34.8,90.9,-90.9,-1
01-09-1998 11:15,34.6N,23.6E,,,,,,2.40E+10,0.086,1,34.6,34.6,23.6,-23.6,-1
17-12-1996 04:16,34.1N,37.2W,,,,,,4.10E+10,0.14,1,34.1,34.1,37.2,37.2,1
22-07-2002 11:16,34.0N,106.1E,,,,,,5.30E+10,0.17,1,34,34,106.1,-106.1,-1
02-06-2002 04:28,34.0N,21.0E,,,,,,4.50E+12,8.8,1,34,34,21,-21,-1
02-11-2005 07:04,33.9N,154.9W,68.5,,,,,3.20E+10,0.11,1,33.9,33.9,154.9,154.9,1
02-06-2016 10:56,33.8N,110.9W,,,,,,1.72E+11,0.49,1,33.8,33.8,110.9,110.9,1
30-12-2015 13:07,33.8N,160.7W,39,,,,,2.20E+10,0.079,1,33.8,33.8,160.7,160.7,1
14-03-2010 18:44,33.8N,90.2W,35.6,,,,,4.20E+10,0.14,1,33.8,33.8,90.2,90.2,1
17-02-2022 12:08,33.5N,38.9W,41,,,,,2.70E+10,0.095,1,33.5,33.5,38.9,38.9,1
12-12-2014 06:48,33.5N,144.9E,26.3,12,11.5,-2.8,-2.2,3.30E+10,0.11,1,33.5,33.5,144.9,-144.9,-1
28-11-2020 16:34,33.3N,135.1E,28.1,19.6,1.8,-16.5,-10.4,2.60E+10,0.092,1,33.3,33.3,135.1,-135.1,-1
08-01-2011 19:38,33.3N,125.8W,48,,,,,2.90E+10,0.1,1,33.3,33.3,125.8,125.8,1
17-01-2023 06:56,33.1N,173.7W,38,14.2,7.8,-5.6,-10.5,2.90E+10,0.1,1,33.1,33.1,173.7,173.7,1
21-01-2020 20:07,33.1N,34.3E,43.3,27.4,-7.5,-23.5,-11.9,2.80E+10,0.098,1,33.1,33.1,34.3,-34.3,-1
22-06-2000 20:02,32.9N,159.0E,,,,,,3.00E+10,0.1,1,32.9,32.9,159,-159,-1
08-12-2013 03:10,32.8N,165.1W,23.5,11.8,2.3,2.5,-11.3,6.40E+10,0.2,1,32.8,32.8,165.1,165.1,1
21-10-2008 02:20,32.8N,165.6W,29.6,11.3,9.6,5.8,1.5,4.60E+10,0.15,1,32.8,32.8,165.6,165.6,1
13-12-2022 17:26,32.75N,2.1W,20,18.7,-5.7,14,11,6.20E+10,0.2,1,32.75,32.75,2.1,2.1,1
01-01-2005 03:44,32.7N,12.4E,31.8,,,,,4.54E+11,1.2,1,32.7,32.7,12.4,-12.4,-1
28-11-2021 18:06,32.6N,113.5E,38.4,19.7,0.2,-2.2,-19.6,4.00E+10,0.13,1,32.6,32.6,113.5,-113.5,-1
08-09-1999 14:41,32.5N,104.6E,32,,,,,9.00E+10,0.28,1,32.5,32.5,104.6,-104.6,-1
18-05-2015 17:13,32.4N,139.1E,29,,,,,4.30E+10,0.14,1,32.4,32.4,139.1,-139.1,-1
04-02-2012 14:42,32.4N,0.1E,34.2,12.2,-3.9,10.9,4,1.50E+11,0.43,1,32.4,32.4,0.1,-0.1,-1
23-02-2016 03:59,32.3N,67.2E,44,17.9,-8.5,-1.6,-15.7,3.50E+10,0.12,1,32.3,32.3,67.2,-67.2,-1
11-01-2012 02:23,32.2N,88.5E,,,,,,8.50E+10,0.26,1,32.2,32.2,88.5,-88.5,-1
22-01-1997 21:13,32.2N,29.0E,,,,,,4.80E+11,1.2,1,32.2,32.2,29,-29,-1
26-06-2018 17:51,32.0N,12.1E,63,14.1,-10,-1,-9.9,2.90E+10,0.1,1,32,32,12.1,-12.1,-1
08-05-2018 02:27,32N,60.7W,,,,,,7.30E+10,0.23,1,32,32,60.7,60.7,1
08-03-2010 22:02,32.0N,92.9W,52,24.5,19.1,11,10.7,3.23E+11,0.85,1,32,32,92.9,92.9,1
22-12-2020 23:23,31.9N,96.2E,35.5,13.6,-2.6,5.9,-12.1,4.90E+12,9.5,1,31.9,31.9,96.2,-96.2,-1
09-10-1997 18:47,31.8N,106.0W,37,,,,,1.90E+11,0.53,1,31.8,31.8,106,106,1
17-07-1996 03:16,31.8N,111.4E,,,,,,5.00E+10,0.16,1,31.8,31.8,111.4,-111.4,-1
11-01-2023 23:59,31.5N,18.6E,33.5,17.5,-16.1,4.5,-5.2,4.60E+10,0.15,1,31.5,31.5,18.6,-18.6,-1
15-07-2006 15:22,31.1N,45.6E,38.9,30.2,9.2,-1.2,-28.7,1.63E+11,0.47,1,31.1,31.1,45.6,-45.6,-1
12-07-2015 22:23,31.0N,159.6E,41,,,,,2.20E+10,0.079,1,31,31,159.6,-159.6,-1
27-01-2020 05:39,30.4N,1.5E,32.5,19.8,-2,-16.6,-10.6,4.40E+10,0.15,1,30.4,30.4,1.5,-1.5,-1
23-10-2020 20:51,30.0N,71.9W,48,,,,,8.00E+10,0.25,1,30,30,71.9,71.9,1
10-01-2006 23:25,29.8N,12.7W,32.4,16.9,-9.9,-6.3,-12.2,2.80E+10,0.098,1,29.8,29.8,12.7,12.7,1
19-10-1996 19:01,29.7N,34.7W,,,,,,1.30E+11,0.38,1,29.7,29.7,34.7,34.7,1
25-02-2017 01:22,29.5N,13.5E,25.4,12.2,-7.6,-9.3,2.2,6.50E+10,0.21,1,29.5,29.5,13.5,-13.5,-1
01-03-2002 03:53,29.2N,66.8W,,,,,,3.80E+10,0.13,1,29.2,29.2,66.8,66.8,1
05-07-2011 15:42,29.1N,139.7E,40.7,,,,,6.50E+10,0.21,1,29.1,29.1,139.7,-139.7,-1
23-10-2017 15:31,28.8N,44.6E,35.4,16.7,-5.7,-10.7,-11.5,2.40E+10,0.086,1,28.8,28.8,44.6,-44.6,-1
04-05-2019 15:35,28.4N,88.3W,26.5,,,,,2.20E+10,0.079,1,28.4,28.4,88.3,88.3,1
11-03-2017 04:51,28.3N,60.2W,28,,,,,1.26E+12,2.9,1,28.3,28.3,60.2,60.2,1
10-02-2020 23:48,28.2N,76.7E,41.7,31.7,-27.8,-14.3,-5.2,2.70E+10,0.095,1,28.2,28.2,76.7,-76.7,-1
04-10-2017 12:07,28.1N,99.4E,37,14.6,-8.5,-9,7.8,1.92E+11,0.54,1,28.1,28.1,99.4,-99.4,-1
02-04-2012 16:50,28.1N,95.2W,,,,,,3.20E+10,0.11,1,28.1,28.1,95.2,95.2,1
14-06-2000 16:39,28.1N,107.3E,48,,,,,1.45E+11,0.42,1,28.1,28.1,107.3,-107.3,-1
24-01-2020 11:13,28.0N,35.8W,32,21.2,-18.6,-9,-4.7,2.60E+10,0.092,1,28,28,35.8,35.8,1
15-05-2008 11:29,28.0N,41.5W,,,,,,8.00E+10,0.25,1,28,28,41.5,41.5,1
15-03-2008 11:29,28.0N,41.5W,26.7,12.9,-4.1,4.8,-11.2,5.00E+10,0.16,1,28,28,41.5,41.5,1
23-04-2001 06:12,28.0N,133.6W,29,,,,,4.60E+12,9,1,28,28,133.6,133.6,1
28-10-1996 04:46,27.4N,79.4W,,,,,,4.30E+10,0.14,1,27.4,27.4,79.4,79.4,1
13-04-2021 02:16,26.8N,79.1W,44.4,14.1,-2.8,12.6,5.6,2.10E+10,0.076,1,26.8,26.8,79.1,79.1,1
20-10-2022 20:55,26.6N,165.1E,65.6,,,,,4.70E+10,0.16,1,26.6,26.6,165.1,-165.1,-1
04-04-2006 11:30,26.6N,26.6W,25,,,,,2.40E+12,5,1,26.6,26.6,26.6,26.6,1
29-11-1993 17:48,26.5N,78.3E,,,,,,2.60E+10,0.092,1,26.5,26.5,78.3,-78.3,-1
21-02-2011 05:07,26.3N,43.7E,44.4,18,10.3,-14.8,0.1,3.90E+10,0.13,1,26.3,26.3,43.7,-43.7,-1
15-11-2005 05:19,26.3N,113.4W,32.4,,,,,2.50E+10,0.089,1,26.3,26.3,113.4,113.4,1
13-05-2016 00:34,26.2N,122.3W,33,,,,,1.01E+11,0.31,1,26.2,26.2,122.3,122.3,1
09-12-2006 06:31,26.2N,26.0E,26.5,15.9,4.9,-15,1.6,7.41E+12,14,1,26.2,26.2,26,-26,-1
30-08-2020 16:08,26.0N,133.5E,27.8,23.4,7.8,-21.7,3.7,6.40E+10,0.2,1,26,26,133.5,-133.5,-1
27-09-2019 13:35,25.7N,28.4W,,,,,,3.40E+10,0.12,1,25.7,25.7,28.4,28.4,1
04-01-1997 06:46,25.7N,5.3W,,,,,,4.30E+10,0.14,1,25.7,25.7,5.3,5.3,1
20-11-2018 17:30,25.3N,6.7W,27.4,17.4,-10.1,13.9,3,4.22E+11,1.1,1,25.3,25.3,6.7,6.7,1
12-09-2019 02:34,24.9N,47.8W,30.6,17.2,-11.7,11.7,4.6,5.90E+10,0.19,1,24.9,24.9,47.8,47.8,1
31-07-2017 22:01,24.7N,118.5W,,,,,,5.80E+10,0.19,1,24.7,24.7,118.5,118.5,1
18-01-2000 08:33,24.3N,94.9W,,,,,,3.50E+10,0.12,1,24.3,24.3,94.9,94.9,1
07-11-2009 10:41,24.0N,64.1E,37,,,,,4.20E+10,0.14,1,24,24,64.1,-64.1,-1
02-02-2007 12:48,24.0N,37.2W,35.5,,,,,3.40E+11,0.89,1,24,24,37.2,37.2,1
13-07-2017 09:30,23.1N,60.7E,35,13.7,-10,-6.5,-6.8,7.30E+10,0.23,1,23.1,23.1,60.7,-60.7,-1
04-05-2007 17:52,22.9N,109.4E,48,,,,,1.75E+11,0.5,1,22.9,22.9,109.4,-109.4,-1
02-11-2005 05:16,22.9N,123.8W,74,,,,,6.70E+10,0.21,1,22.9,22.9,123.8,123.8,1
15-09-2022 02:49,22.7N,97.6E,31.5,,,,,2.70E+10,0.095,1,22.7,22.7,97.6,-97.6,-1
05-09-2014 21:37,22.7N,150.0W,,,,,,3.50E+10,0.12,1,22.7,22.7,150,150,1
01-02-2019 18:17,22.5N,83.8W,23.7,16.3,-2.4,13.6,8.7,5.79E+11,1.4,1,22.5,22.5,83.8,83.8,1
08-09-1999 23:55,22.4N,0.2E,,,,,,2.80E+10,0.098,1,22.4,22.4,0.2,-0.2,-1
21-10-2014 18:55,22.2N,132.9W,,,,,,3.40E+10,0.12,1,22.2,22.2,132.9,132.9,1
22-10-2020 17:39,22.0N,133.5W,40,17.6,-9.4,14.1,-4.9,4.40E+10,0.15,1,22,22,133.5,133.5,1
10-04-2016 14:57,22.0N,149.0E,35.2,15.1,4.7,-12.9,-6.4,6.55E+11,1.6,1,22,22,149,-149,-1
04-10-2015 21:02,22.0N,171.6W,36.1,,,,,4.40E+10,0.15,1,22,22,171.6,171.6,1
24-08-2019 12:02,21.9N,130.4W,39.8,13.4,11.1,-5.2,5.4,4.00E+10,0.13,1,21.9,21.9,130.4,130.4,1
29-05-2014 01:12,21.9N,131.1W,28.7,,,,,5.80E+10,0.19,1,21.9,21.9,131.1,131.1,1
07-06-2007 21:28,21.9N,53.1E,29.6,,,,,3.10E+10,0.11,1,21.9,21.9,53.1,-53.1,-1
12-06-2004 07:13,21.7N,175.3E,,,,,,1.04E+11,0.31,1,21.7,21.7,175.3,-175.3,-1
29-03-1996 20:30,21.5N,158.1W,,,,,,1.28E+11,0.38,1,21.5,21.5,158.1,158.1,1
11-11-2005 20:34,21.4N,134.1W,29.6,,,,,4.20E+10,0.14,1,21.4,21.4,134.1,134.1,1
08-07-2022 01:36,21.3N,130.1E,22,20.2,17.9,-4.1,-8.3,2.70E+10,0.095,1,21.3,21.3,130.1,-130.1,-1
23-12-2016 03:29,21.3N,49.3E,42,29.7,-22.4,16.4,-10.5,3.80E+10,0.13,1,21.3,21.3,49.3,-49.3,-1
30-06-2019 16:52,21.2N,129.5W,59,42.3,25.2,31.2,-13.3,3.20E+10,0.11,1,21.2,21.2,129.5,129.5,1
26-07-2013 11:32,21.0N,178.5W,37,,,,,2.00E+10,0.073,1,21,21,178.5,178.5,1
27-09-2003 12:59,21.0N,86.6E,26,18.2,-1,-5.4,-17.3,2.15E+12,4.6,1,21,21,86.6,-86.6,-1
07-10-2008 02:45,20.9N,31.4E,38.9,13.3,-9,9,3.8,3.95E+11,1,1,20.9,20.9,31.4,-31.4,-1
22-04-2005 11:18,20.9N,36.7W,37,,,,,2.20E+10,0.079,1,20.9,20.9,36.7,36.7,1
18-04-2016 11:59,20.7N,14.5W,31.5,17.1,-3.5,2.2,-16.6,2.24E+11,0.62,1,20.7,20.7,14.5,14.5,1
17-08-2010 04:19,20.7N,114.3W,33.3,,,,,2.10E+10,0.076,1,20.7,20.7,114.3,114.3,1
12-07-1996 14:04,20.7N,93.6W,,,,,,3.20E+10,0.11,1,20.7,20.7,93.6,93.6,1
19-07-2015 07:06,20.6N,87.6W,22,17.8,9.4,13,7.8,2.30E+10,0.082,1,20.6,20.6,87.6,87.6,1
28-04-2020 05:43,20.1N,109.4W,,,,,,2.10E+10,0.076,1,20.1,20.1,109.4,109.4,1
04-09-2022 03:54,20.0N,165.9E,14,21.9,18.4,-11.4,-3.5,2.40E+10,0.086,1,20,20,165.9,-165.9,-1
31-05-2009 06:05,19.7N,121.0W,,,,,,1.43E+11,0.42,1,19.7,19.7,121,121,1
17-01-2020 21:29,19.4N,66.0W,14.5,15.5,-13.2,8.1,1.2,9.70E+10,0.29,1,19.4,19.4,66,66,1
28-06-2014 02:40,18.9N,141.2E,26.3,12.4,12,3.5,-10.5,2.45E+11,0.67,1,18.9,18.9,141.2,-141.2,-1
21-01-2011 15:11,18.9N,44.6W,61,,,,,7.20E+10,0.23,1,18.9,18.9,44.6,44.6,1
02-03-1999 22:23,18.9N,50.5E,,,,,,5.90E+10,0.19,1,18.9,18.9,50.5,-50.5,-1
31-08-2011 09:44,18.6N,5.1W,,,,,,2.70E+10,0.095,1,18.6,18.6,5.1,5.1,1
07-08-2008 06:07,18.5N,180.0E,45.4,13.8,6.5,-12.1,1.7,4.10E+10,0.14,1,18.5,18.5,180,-180,-1
14-04-2019 17:54,18.3N,74.6W,30.6,15.9,-2.5,5.9,-14.6,2.90E+10,0.1,1,18.3,18.3,74.6,74.6,1
08-03-2010 22:44,18.2N,110.1E,53,,,,,3.00E+10,0.1,1,18.2,18.2,110.1,-110.1,-1
22-01-2019 09:18,18.0N,6.5E,42.5,11.6,-8.6,-5.9,5,3.60E+10,0.12,1,18,18,6.5,-6.5,-1
02-05-2005 20:10,17.7N,36.0E,,,,,,4.60E+10,0.15,1,17.7,17.7,36,-36,-1
30-12-2012 07:25,17.3N,83.6W,,,,,,1.98E+11,0.55,1,17.3,17.3,83.6,83.6,1
08-04-2006 13:16,17.3N,113.2W,33.3,,,,,1.27E+11,0.37,1,17.3,17.3,113.2,113.2,1
27-04-1997 22:34,16.7N,87.5E,,,,,,3.25E+11,0.86,1,16.7,16.7,87.5,-87.5,-1
16-02-1995 13:05,16.7N,141.7W,,,,,,6.00E+10,0.19,1,16.7,16.7,141.7,141.7,1
24-05-2022 02:38,16.3N,30.4W,39.8,,,,,1.26E+11,0.37,1,16.3,16.3,30.4,30.4,1
13-11-2015 14:59,16.0N,124.3E,28,,,,,1.02E+11,0.31,1,16,16,124.3,-124.3,-1
10-11-2002 22:13,16.0N,166.0W,,,,,,4.60E+11,1.2,1,16,16,166,166,1
12-05-2020 23:22,15.9N,174.2E,,,,,,8.30E+10,0.26,1,15.9,15.9,174.2,-174.2,-1
27-06-2016 10:02,15.8N,11.9W,33.3,29.1,-29.1,1.5,0.7,4.58E+11,1.2,1,15.8,15.8,11.9,11.9,1
29-05-2008 21:23,15.7N,83.5W,,,,,,2.10E+10,0.076,1,15.7,15.7,83.5,83.5,1
31-07-2000 07:06,15.7N,138.5W,,,,,,3.80E+10,0.13,1,15.7,15.7,138.5,138.5,1
20-11-2022 13:53,15.0N,109.7W,26,21.7,9,12.3,15.4,3.40E+10,0.12,1,15,15,109.7,109.7,1
07-07-2000 01:34,15.0N,140.7E,,,,,,6.50E+10,0.21,1,15,15,140.7,-140.7,-1
29-12-2020 20:32,14.9N,158.2W,33,14.4,-3,10.2,-9.7,4.90E+10,0.16,1,14.9,14.9,158.2,158.2,1
22-06-2019 21:25,14.9N,66.2W,25,14.9,-13.4,6,2.5,2.95E+12,6,1,14.9,14.9,66.2,66.2,1
13-04-2003 17:58,14.8N,64.5E,17,,,,,1.75E+11,0.5,1,14.8,14.8,64.5,-64.5,-1
29-12-2017 12:47,14.6N,49.5W,38,,,,,1.10E+11,0.33,1,14.6,14.6,49.5,49.5,1
07-09-2015 01:41,14.5N,98.9E,29.3,21,16.8,-12,-3.8,1.80E+12,3.9,1,14.5,14.5,98.9,-98.9,-1
09-11-2008 02:38,14.5N,112.7E,29.6,,,,,2.22E+11,0.61,1,14.5,14.5,112.7,-112.7,-1
25-08-2000 01:12,14.5N,106.1W,,,,,,1.39E+12,3.1,1,14.5,14.5,106.1,106.1,1
09-03-2005 12:49,14.3N,142.7E,30.7,,,,,4.00E+10,0.13,1,14.3,14.3,142.7,-142.7,-1
17-02-2000 14:22,14.2N,115.9E,,,,,,2.20E+10,0.079,1,14.2,14.2,115.9,-115.9,-1
02-04-2005 22:52,14.1N,169.7E,27.2,,,,,2.04E+11,0.57,1,14.1,14.1,169.7,-169.7,-1
22-01-2018 22:06,14.0N,17.4W,,,,,,3.20E+10,0.11,1,14,14,17.4,17.4,1
07-12-2006 11:42,14.0N,140.0W,,,,,,2.10E+10,0.076,1,14,14,140,140,1
02-10-2006 19:10,14.0N,53.1E,42,,,,,9.00E+10,0.28,1,14,14,53.1,-53.1,-1
20-10-2021 08:41,13.8N,140.4W,28,,,,,6.00E+10,0.19,1,13.8,13.8,140.4,140.4,1
26-10-1999 17:19,13.7N,70.8W,,,,,,8.60E+10,0.27,1,13.7,13.7,70.8,70.8,1
02-09-2005 07:59,13.5N,73.1E,,,,,,8.20E+10,0.25,1,13.5,13.5,73.1,-73.1,-1
13-02-2014 06:47,13.3N,110.7W,25,,,,,6.30E+11,1.5,1,13.3,13.3,110.7,110.7,1
17-04-2010 02:21,13.1N,173.0W,,,,,,5.60E+10,0.18,1,13.1,13.1,173,173,1
21-10-2020 18:57,12.9N,150.2W,,,,,,2.20E+10,0.079,1,12.9,12.9,150.2,150.2,1
18-04-2020 13:08,12.5N,49.8W,,,,,,2.70E+10,0.095,1,12.5,12.5,49.8,49.8,1
25-02-2015 10:53,12.4N,122.4W,42,,,,,5.80E+10,0.19,1,12.4,12.4,122.4,122.4,1
02-05-2021 14:12,12.3N,43.4W,,,,,,2.50E+10,0.089,1,12.3,12.3,43.4,43.4,1
22-10-2019 22:21,12.0N,76.0W,40.7,,,,,2.70E+10,0.095,1,12,12,76,76,1
26-08-2012 14:55,11.8N,117.0E,36,12.7,5,-11.6,-0.7,2.49E+11,0.68,1,11.8,11.8,117,-117,-1
14-09-2005 01:08,11.6N,27.3E,33.3,,,,,2.50E+10,0.089,1,11.6,11.6,27.3,-27.3,-1
05-08-1995 17:14,11.6N,104.3W,,,,,,2.00E+11,0.56,1,11.6,11.6,104.3,104.3,1
16-08-2008 14:40,11.3N,97.2E,,,,,,1.31E+11,0.38,1,11.3,11.3,97.2,-97.2,-1
22-05-2019 15:16,10.8N,37.3W,32.6,,,,,9.50E+10,0.29,1,10.8,10.8,37.3,37.3,1
06-02-2017 06:09,10.4N,131.6E,33.5,,,,,6.60E+10,0.21,1,10.4,10.4,131.6,-131.6,-1
29-05-2016 12:14,10.2N,48.8W,32,,,,,6.90E+10,0.22,1,10.2,10.2,48.8,48.8,1
24-04-2016 05:39,9.8N,42.8W,50,,,,,1.46E+11,0.42,1,9.8,9.8,42.8,42.8,1
16-02-2012 04:50,9.8N,151.8E,,,,,,9.80E+10,0.3,1,9.8,9.8,151.8,-151.8,-1
28-02-2021 03:47,9.2N,64.1W,,,,,,2.80E+10,0.098,1,9.2,9.2,64.1,64.1,1
31-10-2015 11:34,9.0N,138.0W,71,,,,,9.70E+10,0.29,1,9,9,138,138,1
31-07-2009 02:13,8.9N,121.9W,,,,,,2.50E+10,0.089,1,8.9,8.9,121.9,121.9,1
03-04-2015 01:39,8.4N,157.9W,,,,,,4.20E+10,0.14,1,8.4,8.4,157.9,157.9,1
11-03-2015 06:18,8.0N,119.1E,35.2,19.9,5.5,-10.5,-16,7.20E+10,0.23,1,8,8,119.1,-119.1,-1
19-02-2023 06:15,7.9N,109.9E,37,23,-1.1,-22.9,1.2,2.03E+11,0.57,1,7.9,7.9,109.9,-109.9,-1
19-01-1999 02:32,7.9N,85.8E,,,,,,2.40E+10,0.086,1,7.9,7.9,85.8,-85.8,-1
21-07-2016 00:48,7.8N,1.6W,37,,,,,4.50E+10,0.15,1,7.8,7.8,1.6,1.6,1
03-03-2012 21:28,7.8N,2.7E,20.4,,,,,1.01E+11,0.31,1,7.8,7.8,2.7,-2.7,-1
12-02-2011 11:00,7.8N,95.3W,,,,,,2.00E+10,0.073,1,7.8,7.8,95.3,95.3,1
18-09-2009 20:13,7.7N,29.5W,,,,,,1.44E+11,0.42,1,7.7,7.7,29.5,29.5,1
08-01-2006 05:20,7.6N,28.2W,,,,,,9.40E+10,0.29,1,7.6,7.6,28.2,28.2,1
29-11-2005 07:33,7.6N,58.2W,59.3,,,,,3.20E+10,0.11,1,7.6,7.6,58.2,58.2,1
19-04-2018 14:02,7.5N,3.6E,30,20.9,-9.1,-2.5,18.6,7.20E+10,0.23,1,7.5,7.5,3.6,-3.6,-1
01-10-1990 03:51,7.5N,142.8E,,,,,,2.50E+12,5.2,1,7.5,7.5,142.8,-142.8,-1
18-09-2010 05:04,7.4N,36.7E,,,,,,6.70E+10,0.21,1,7.4,7.4,36.7,-36.7,-1
20-06-2019 06:07,7.3N,67.6W,37,,,,,2.80E+10,0.098,1,7.3,7.3,67.6,67.6,1
09-05-2020 09:37,7.2N,44.2W,52.5,,,,,4.10E+10,0.14,1,7.2,7.2,44.2,44.2,1
28-10-2022 17:40,7.1N,118.9W,45,,,,,4.70E+10,0.16,1,7.1,7.1,118.9,118.9,1
17-03-2007 06:48,7.1N,4.1E,32.5,14.5,-7.3,-1.9,-12.4,4.00E+10,0.13,1,7.1,7.1,4.1,-4.1,-1
14-03-2006 03:21,7.0N,64.6W,35.2,,,,,1.44E+11,0.42,1,7,7,64.6,64.6,1
09-03-2002 01:20,6.9N,147.3W,,,,,,2.49E+11,0.68,1,6.9,6.9,147.3,147.3,1
11-11-1998 16:46,6.5N,156.4E,,,,,,6.56E+11,1.6,1,6.5,6.5,156.4,-156.4,-1
03-11-1994 20:01,6.5N,89.0E,,,,,,2.35E+12,5,1,6.5,6.5,89,-89,-1
08-09-2015 13:46,6.3N,29.9E,44.4,16.1,-11.5,-11.3,-0.9,2.00E+10,0.073,1,6.3,6.3,29.9,-29.9,-1
14-06-2015 03:03,6.3N,124.1E,32.4,31.9,-4.7,-17.8,-26,7.10E+10,0.22,1,6.3,6.3,124.1,-124.1,-1
12-05-2019 22:41,6.2N,57.1W,,,,,,2.10E+10,0.076,1,6.2,6.2,57.1,57.1,1
18-02-2017 19:48,6.2N,60.4E,38,24.2,-6.6,-22.7,-5.3,2.95E+11,0.79,1,6.2,6.2,60.4,-60.4,-1
18-06-2008 13:45,6.1N,103.1E,,,,,,2.10E+10,0.076,1,6.1,6.1,103.1,-103.1,-1
20-04-2009 04:01,6.0N,84.3E,,,,,,2.20E+10,0.079,1,6,6,84.3,-84.3,-1
21-12-2015 02:32,5.9N,143.0E,42.2,12.1,6.4,-10,2.5,8.30E+10,0.26,1,5.9,5.9,143,-143,-1
14-09-2015 23:50,5.8N,15.2W,,,,,,7.00E+10,0.22,1,5.8,5.8,15.2,15.2,1
03-12-2019 06:46,5.6N,52.2W,61.5,,,,,4.20E+10,0.14,1,5.6,5.6,52.2,52.2,1
19-04-2012 22:12,5.5N,16.8E,,,,,,3.00E+10,0.1,1,5.5,5.5,16.8,-16.8,-1
17-02-2022 03:53,5.4N,56.4E,32.4,21.5,-4.4,-19.6,-7.7,6.50E+10,0.21,1,5.4,5.4,56.4,-56.4,-1
31-01-2021 02:59,5.3N,115.2E,39.4,15.2,14,-5.8,1.7,2.67E+11,0.72,1,5.3,5.3,115.2,-115.2,-1
18-01-2007 13:51,5.3N,164.3W,34.1,,,,,3.20E+10,0.11,1,5.3,5.3,164.3,164.3,1
27-05-2003 23:32,5.2N,166.2E,,,,,,6.80E+10,0.22,1,5.2,5.2,166.2,-166.2,-1
15-08-2006 10:52,4.9N,49.6E,32.7,,,,,4.70E+10,0.16,1,4.9,4.9,49.6,-49.6,-1
14-04-2005 14:05,4.9N,176.0W,26.5,,,,,7.10E+10,0.22,1,4.9,4.9,176,176,1
14-06-2022 13:12,4.6N,39.1W,61,,,,,9.10E+10,0.28,1,4.6,4.6,39.1,39.1,1
25-05-2011 05:40,4.1N,14.0E,59,11.6,-3.4,-10.8,2.4,2.28E+12,4.8,1,4.1,4.1,14,-14,-1
26-01-2007 22:22,3.7N,99.7E,,,,,,1.47E+11,0.43,1,3.7,3.7,99.7,-99.7,-1
04-10-2004 04:39,3.7N,150.9W,,,,,,7.10E+10,0.22,1,3.7,3.7,150.9,150.9,1
24-02-2020 22:21,3.6N,96.0W,,,,,,2.00E+10,0.073,1,3.6,3.6,96,96,1
22-01-2023 17:11,3.5N,76.2W,61,,,,,2.00E+10,0.073,1,3.5,3.5,76.2,76.2,1
16-05-2016 10:09,3.2N,6.6E,41.7,12.2,-6.7,-3.3,-9.6,5.19E+11,1.3,1,3.2,3.2,6.6,-6.6,-1
09-09-2014 18:55,3.2N,137.2E,32.5,,,,,2.80E+10,0.098,1,3.2,3.2,137.2,-137.2,-1
28-08-2014 03:07,3.2N,45.4W,,,,,,3.40E+10,0.12,1,3.2,3.2,45.4,45.4,1
13-02-2016 00:10,3.1N,117.9E,,,,,,5.10E+10,0.17,1,3.1,3.1,117.9,-117.9,-1
12-01-2014 16:00,2.9N,64.4E,37,16.2,-5.2,-15.1,2.6,7.80E+10,0.24,1,2.9,2.9,64.4,-64.4,-1
01-02-1994 22:38,2.7N,164.1E,,,,,,1.82E+13,30,1,2.7,2.7,164.1,-164.1,-1
20-11-2012 20:37,2.5N,29.6E,33.3,14.3,-12.2,-5.3,5.3,2.50E+10,0.089,1,2.5,2.5,29.6,-29.6,-1
12-03-2012 06:40,2.5N,139.8E,25,11.8,0.1,-11.8,0.3,9.90E+10,0.3,1,2.5,2.5,139.8,-139.8,-1
18-09-2020 08:05,2.4N,169.7W,46,11.7,10.2,2.9,-4.9,4.10E+10,0.14,1,2.4,2.4,169.7,169.7,1
09-01-2015 10:41,2.0N,28.8E,36,17.5,-10.7,-7.6,11.6,1.39E+11,0.41,1,2,2,28.8,-28.8,-1
24-03-2022 03:43,1.9N,20.6W,56.7,18.2,-12.4,11.4,6.9,7.60E+10,0.24,1,1.9,1.9,20.6,20.6,1
21-11-2010 14:45,1.9N,143.3E,50,,,,,8.10E+10,0.25,1,1.9,1.9,143.3,-143.3,-1
16-04-2010 04:38,1.8N,176.9W,22.2,18.8,12.4,-13.2,-5.2,8.44E+11,2,1,1.8,1.8,176.9,176.9,1
02-01-2023 16:38,1.5N,129.0E,44.6,,,,,5.00E+10,0.16,1,1.5,1.5,129,-129,-1
27-04-2011 20:38,1.4N,126.6W,28.7,,,,,2.20E+11,0.61,1,1.4,1.4,126.6,126.6,1
22-03-1998 22:25,1.4N,26.6E,,,,,,1.40E+11,0.41,1,1.4,1.4,26.6,-26.6,-1
05-06-2004 20:34,1.3N,174.4W,43,19.5,9.4,17,-1.5,1.81E+12,3.9,1,1.3,1.3,174.4,174.4,1
18-09-2012 19:34,1.2N,52.2W,28.1,18.3,-1.9,14.1,-11.5,2.44E+11,0.67,1,1.2,1.2,52.2,52.2,1
05-07-2016 01:24,1.0N,48.6E,38.2,25.1,-10.3,-2,-22.8,1.53E+11,0.44,1,1,1,48.6,-48.6,-1
20-05-2015 10:20,1.0N,172.6E,32.4,,,,,3.60E+10,0.12,1,1,1,172.6,-172.6,-1
28-03-2000 15:27,1.0N,98.3E,,,,,,6.30E+10,0.2,1,1,1,98.3,-98.3,-1
24-05-2008 10:18,0.8N,162.0E,37,14.2,7.9,3.1,11.4,1.50E+11,0.43,1,0.8,0.8,162,-162,-1
28-03-1999 15:37,0.8N,97.6E,,,,,,3.04E+11,0.81,1,0.8,0.8,97.6,-97.6,-1
19-02-2016 08:15,0.7N,11.6W,39.4,15.5,-14.9,-0.5,4.1,2.02E+11,0.56,1,0.7,0.7,11.6,11.6,1
24-03-2011 20:23,0.6N,127.5W,59,,,,,5.80E+10,0.19,1,0.6,0.6,127.5,127.5,1
26-07-2001 21:20,0.4N,84.8E,,,,,,3.26E+11,0.86,1,0.4,0.4,84.8,-84.8,-1
27-07-2013 08:30,0.3N,156.2E,26.5,22.1,16,14.9,-3.3,1.20E+11,0.36,1,0.3,0.3,156.2,-156.2,-1
28-09-2004 08:57,0.2N,101.1W,,,,,,6.20E+10,0.2,1,0.2,0.2,101.1,101.1,1
18-03-2014 11:02,0.0N,111.8W,30.5,,,,,5.40E+11,1.3,1,0,0,111.8,111.8,1
26-06-2010 06:04,0.5S,133.2E,50,,,,,1.13E+11,0.34,-1,-0.5,0.5,133.2,-133.2,-1
18-02-2000 09:25,0.9S,109.2E,,,,,,3.62E+12,7.3,-1,-0.9,0.9,109.2,-109.2,-1
09-07-1995 18:20,0.9S,66.3E,,,,,,2.50E+10,0.089,-1,-0.9,0.9,66.3,-66.3,-1
03-04-2005 01:45,1.0S,112.4E,59.2,,,,,2.19E+11,0.61,-1,-1,1,112.4,-112.4,-1
16-05-2011 13:39,1.2S,92.8E,,,,,,2.00E+10,0.073,-1,-1.2,1.2,92.8,-92.8,-1
12-06-2015 17:03,1.3S,32.1W,43.5,,,,,1.76E+11,0.5,-1,-1.3,1.3,32.1,32.1,1
08-01-2014 17:05,1.3S,147.6E,18.7,44.8,-3.4,-43.5,-10.3,3.10E+10,0.11,-1,-1.3,1.3,147.6,-147.6,-1
21-11-2002 00:11,1.4S,154.0W,,,,,,2.40E+11,0.66,-1,-1.4,1.4,154,154,1
01-11-1994 06:50,1.5S,84.5W,,,,,,1.00E+12,2.3,-1,-1.5,1.5,84.5,84.5,1
27-08-2018 04:36,1.7S,141.4E,33,16.1,9.8,-9.6,-8.4,2.40E+10,0.086,-1,-1.7,1.7,141.4,-141.4,-1
24-10-2006 08:42,1.9S,2.7W,43,,,,,2.25E+11,0.62,-1,-1.9,1.9,2.7,2.7,1
14-10-2014 10:25,2.0S,119.2E,27.2,16.9,15,-6.9,-3.5,2.90E+10,0.1,-1,-2,2,119.2,-119.2,-1
06-09-2021 17:55,2.1S,111.8W,26,13.6,-4.4,6.9,10.9,3.10E+10,0.11,-1,-2.1,2.1,111.8,111.8,1
30-10-1996 12:48,2.1S,123.1W,,,,,,2.10E+10,0.076,-1,-2.1,2.1,123.1,123.1,1
07-11-1999 17:53,2.3S,77.4W,,,,,,8.90E+10,0.27,-1,-2.3,2.3,77.4,77.4,1
30-06-2019 08:11,2.5S,168.7E,,,,,,2.10E+10,0.076,-1,-2.5,2.5,168.7,-168.7,-1
24-02-2010 19:55,2.6S,102.2W,,,,,,9.30E+10,0.28,-1,-2.6,2.6,102.2,102.2,1
30-09-2005 19:04,2.8S,84.1W,53,,,,,2.20E+10,0.079,-1,-2.8,2.8,84.1,84.1,1
09-12-1995 19:54,2.9S,79.0W,,,,,,1.20E+11,0.36,-1,-2.9,2.9,79,79,1
14-05-2013 23:20,3.0S,76.4E,,,,,,2.00E+10,0.073,-1,-3,3,76.4,-76.4,-1
29-12-2005 10:05,3.0S,154.9W,42.2,20.7,18.6,8.5,3.2,1.90E+11,0.53,-1,-3,3,154.9,154.9,1
04-04-2022 00:30,3.2S,64.3W,31.5,19.7,-17.6,5.3,-7.2,2.70E+10,0.095,-1,-3.2,3.2,64.3,64.3,1
17-02-2012 10:47,3.2S,39.9W,45.6,,,,,1.54E+11,0.44,-1,-3.2,3.2,39.9,39.9,1
19-09-2000 22:12,3.2S,133.8W,,,,,,8.90E+10,0.27,-1,-3.2,3.2,133.8,133.8,1
06-12-2019 10:19,3.3S,37.7W,19.5,,,,,4.60E+10,0.15,-1,-3.3,3.3,37.7,37.7,1
14-09-2016 15:01,3.5S,44.6E,54,18.3,3.5,-16.2,7.7,7.60E+10,0.24,-1,-3.5,3.5,44.6,-44.6,-1
06-03-2022 15:06,4.1S,99.5W,,,,,,2.00E+10,0.073,-1,-4.1,4.1,99.5,99.5,1
28-10-2021 09:10,4.1S,138.7W,35.2,,,,,3.00E+10,0.1,-1,-4.1,4.1,138.7,138.7,1
15-04-1988 03:03,4.1S,124.3E,,,,,,7.58E+12,14,-1,-4.1,4.1,124.3,-124.3,-1
08-10-2009 02:57,4.2S,120.6E,19.1,19.2,14,-16,-6,2.00E+13,33,-1,-4.2,4.2,120.6,-120.6,-1
09-10-2002 12:00,4.3S,175.9W,,,,,,4.90E+10,0.16,-1,-4.3,4.3,175.9,175.9,1
28-01-2022 05:04,4.5S,73.9W,37,,,,,3.41E+11,0.9,-1,-4.5,4.5,73.9,73.9,1
16-05-2007 16:20,4.5S,111.7E,,,,,,3.80E+10,0.13,-1,-4.5,4.5,111.7,-111.7,-1
17-10-2014 14:07,4.6S,66.3W,39,,,,,7.20E+10,0.23,-1,-4.6,4.6,66.3,66.3,1
25-03-2004 09:39,4.8S,21.0E,,,,,,2.10E+10,0.076,-1,-4.8,4.8,21,-21,-1
23-12-2021 21:27,4.9S,29.6W,37,,,,,2.10E+10,0.076,-1,-4.9,4.9,29.6,29.6,1
14-12-2010 00:27,4.9S,175.5E,24,,,,,3.90E+10,0.13,-1,-4.9,4.9,175.5,-175.5,-1
03-05-2000 10:40,5.0S,73.0E,,,,,,5.90E+10,0.19,-1,-5,5,73,-73,-1
03-04-2002 19:10,5.3S,27.1E,,,,,,1.82E+11,0.51,-1,-5.3,5.3,27.1,-27.1,-1
18-03-2015 00:04,5.4S,159.3E,50,,,,,1.21E+11,0.36,-1,-5.4,5.4,159.3,-159.3,-1
26-10-2020 15:09,5.9S,160.4E,28.5,17.6,10.9,-13.8,-0.1,1.14E+11,0.34,-1,-5.9,5.9,160.4,-160.4,-1
28-07-2022 01:36,6.0S,86.9W,37.5,29.9,-17.1,23.5,-7.2,2.51E+11,0.68,-1,-6,6,86.9,86.9,1
29-08-2014 23:15,6.2S,49.9W,,,,,,2.60E+10,0.092,-1,-6.2,6.2,49.9,49.9,1
21-08-2022 16:35,6.3S,51.5E,37,,,,,2.10E+10,0.076,-1,-6.3,6.3,51.5,-51.5,-1
02-06-2015 08:44,6.4S,142.7W,,,,,,3.80E+11,0.99,-1,-6.4,6.4,142.7,142.7,1
01-12-2005 10:40,6.4S,155.8W,,,,,,3.20E+10,0.11,-1,-6.4,6.4,155.8,155.8,1
12-05-2018 03:26,6.5S,173.7E,34,,,,,1.93E+11,0.54,-1,-6.5,6.5,173.7,-173.7,-1
23-07-2017 06:12,6.6S,69.7W,38,17.2,-0.4,8.7,-14.8,3.50E+10,0.12,-1,-6.6,6.6,69.7,69.7,1
24-10-2018 21:19,6.7S,148.6W,33.3,,,,,4.70E+10,0.16,-1,-6.7,6.7,148.6,148.6,1
17-11-2021 15:53,6.8S,119.1E,35,23,7,-18.3,-12,2.40E+10,0.086,-1,-6.8,6.8,119.1,-119.1,-1
17-09-2018 01:08,6.8S,27.8W,,,,,,1.50E+11,0.43,-1,-6.8,6.8,27.8,27.8,1
28-09-2012 05:44,6.9S,73.7E,,,,,,3.80E+10,0.13,-1,-6.9,6.9,73.7,-73.7,-1
14-08-2002 07:48,6.9S,126.2W,,,,,,9.00E+10,0.28,-1,-6.9,6.9,126.2,126.2,1
12-12-2008 11:36,7.0S,9.7W,50,,,,,2.16E+11,0.6,-1,-7,7,9.7,9.7,1
26-03-2004 16:35,7.6S,155.1E,46,,,,,2.40E+10,0.086,-1,-7.6,7.6,155.1,-155.1,-1
28-03-2022 10:20,7.7S,74.3E,29,19.6,-16.6,-10.4,0.1,3.78E+11,0.98,-1,-7.7,7.7,74.3,-74.3,-1
30-07-2021 08:06,7.8S,90.1E,63,,,,,1.46E+11,0.42,-1,-7.8,7.8,90.1,-90.1,-1
13-10-2015 12:23,8.0S,52.5W,38.9,12.9,-6.6,3.8,10.4,2.30E+10,0.082,-1,-8,8,52.5,52.5,1
17-02-2015 13:19,8.0S,11.2W,39,28.8,-28.2,3.4,4.6,3.30E+10,0.11,-1,-8,8,11.2,11.2,1
20-11-2012 06:25,8.0S,86.0W,,,,,,1.20E+11,0.36,-1,-8,8,86,86,1
02-10-2012 16:38,8.1S,111.9W,35,15.4,1.4,15.3,1,4.70E+11,1.2,-1,-8.1,8.1,111.9,111.9,1
15-11-1999 20:01,8.1S,75.4E,,,,,,7.40E+10,0.23,-1,-8.1,8.1,75.4,-75.4,-1
12-04-2022 21:59,8.2S,57.8E,23.8,20.6,-19.3,-6.3,3.6,5.20E+10,0.17,-1,-8.2,8.2,57.8,-57.8,-1
15-01-2010 19:17,8.3S,27.0E,25,14,-9.1,6,8.8,4.92E+11,1.2,-1,-8.3,8.3,27,-27,-1
29-12-2004 07:11,8.5S,171.8E,,,,,,9.00E+10,0.28,-1,-8.5,8.5,171.8,-171.8,-1
17-01-2007 09:50,8.7S,50.8E,33.3,,,,,5.48E+11,1.4,-1,-8.7,8.7,50.8,-50.8,-1
24-05-2017 07:03,9.1S,101.8E,46,18.4,-6.5,-16.5,-5,9.00E+10,0.28,-1,-9.1,9.1,101.8,-101.8,-1
04-08-2015 10:24,9.6S,125.9E,,,,,,2.90E+10,0.1,-1,-9.6,9.6,125.9,-125.9,-1
18-03-2005 16:48,9.7S,34.7W,33,,,,,2.70E+10,0.095,-1,-9.7,9.7,34.7,34.7,1
13-12-2004 11:35,9.7S,155.3E,,,,,,3.90E+10,0.13,-1,-9.7,9.7,155.3,-155.3,-1
24-09-2013 15:31,10.3S,164.7W,40.7,,,,,1.60E+11,0.46,-1,-10.3,10.3,164.7,164.7,1
19-11-2010 07:25,10.3S,148.8E,30,,,,,3.30E+10,0.11,-1,-10.3,10.3,148.8,-148.8,-1
05-11-2019 11:24,10.4S,143.3W,38,27.4,5.2,12.3,23.9,1.10E+11,0.33,-1,-10.4,10.4,143.3,143.3,1
21-01-2016 16:44,10.8S,0.7E,42.5,18.1,-3.8,-17.7,-1.2,4.60E+10,0.15,-1,-10.8,10.8,0.7,-0.7,-1
17-08-2006 10:43,11.0S,165.7E,48.2,,,,,2.56E+11,0.7,-1,-11,11,165.7,-165.7,-1
18-10-2020 10:52,11.4S,135.8W,36,16.4,15.6,1.5,4.9,3.60E+10,0.12,-1,-11.4,11.4,135.8,135.8,1
10-06-2015 17:43,11.5S,161.9W,61.1,,,,,3.84E+11,1,-1,-11.5,11.5,161.9,161.9,1
12-08-2008 11:44,11.6S,175.0W,,,,,,2.00E+10,0.073,-1,-11.6,11.6,175,175,1
21-05-2006 07:51,11.6S,25.5W,,,,,,2.63E+11,0.71,-1,-11.6,11.6,25.5,25.5,1
06-04-2004 03:24,12.0S,162.8E,35,25.6,10.5,-23.2,-2.9,4.33E+11,1.1,-1,-12,12,162.8,-162.8,-1
28-09-2019 10:40,12.5S,107.2W,52,20.4,-10.1,11.2,13.7,2.30E+10,0.082,-1,-12.5,12.5,107.2,107.2,1
01-12-2006 06:09,13.0S,30.7E,,,,,,6.30E+10,0.2,-1,-13,13,30.7,-30.7,-1
03-02-2022 19:50,13.3S,142.2E,36,22.8,17.6,9.7,-10.8,1.52E+11,0.44,-1,-13.3,13.3,142.2,-142.2,-1
21-02-2018 01:28,13.5S,37.1W,31.5,13.1,-0.9,13.1,-0.4,7.10E+10,0.22,-1,-13.5,13.5,37.1,37.1,1
13-11-2000 00:28,13.6S,5.8W,,,,,,6.60E+10,0.21,-1,-13.6,13.6,5.8,5.8,1
08-09-2010 19:51,13.9S,65.5W,46.3,,,,,6.50E+10,0.21,-1,-13.9,13.9,65.5,65.5,1
09-11-2010 06:56,14.0S,160.0W,26,,,,,2.00E+10,0.073,-1,-14,14,160,160,1
02-09-2006 04:26,14.0S,109.1E,44.1,14.2,10,-9.9,1.5,1.23E+12,2.8,-1,-14,14,109.1,-109.1,-1
27-10-2010 11:27,14.1S,67.7E,35.2,,,,,1.45E+11,0.42,-1,-14.1,14.1,67.7,-67.7,-1
23-01-1997 10:03,15.0S,94.2E,,,,,,2.70E+11,0.73,-1,-15,15,94.2,-94.2,-1
12-01-2013 03:04,15.1S,155.6W,36.1,,,,,4.80E+10,0.16,-1,-15.1,15.1,155.6,155.6,1
24-11-2016 14:10,15.2S,80.3E,30.6,17.4,9.1,-11.2,9.7,1.38E+11,0.4,-1,-15.2,15.2,80.3,-80.3,-1
22-04-2004 21:19,15.2S,55.1E,,,,,,1.39E+11,0.41,-1,-15.2,15.2,55.1,-55.1,-1
13-04-2001 00:29,15.3S,162.4E,,,,,,2.51E+11,0.68,-1,-15.3,15.3,162.4,-162.4,-1
18-02-2019 10:00,15.5S,25.3E,26,20.8,-16.6,-12.6,0.6,1.96E+12,4.2,-1,-15.5,15.5,25.3,-25.3,-1
21-04-2012 16:08,15.8S,174.8W,,,,,,1.43E+11,0.42,-1,-15.8,15.8,174.8,174.8,1
04-07-1997 12:22,15.8S,175.8W,,,,,,2.70E+10,0.095,-1,-15.8,15.8,175.8,175.8,1
12-02-2018 02:15,15.9S,58.9W,,,,,,3.90E+10,0.13,-1,-15.9,15.9,58.9,58.9,1
04-03-2015 04:30,15.9S,88.1E,39.8,18,7.8,-16,-2.5,5.50E+10,0.18,-1,-15.9,15.9,88.1,-88.1,-1
19-02-1997 04:31,16.3S,87.7W,,,,,,1.40E+11,0.41,-1,-16.3,16.3,87.7,87.7,1
23-05-1999 07:02,16.4S,116.3W,,,,,,2.60E+10,0.092,-1,-16.4,16.4,116.3,116.3,1
01-04-2023 00:02,16.8S,76.0E,61.8,46.4,21.4,-40.6,7.1,2.40E+10,0.086,-1,-16.8,16.8,76,-76,-1
23-03-2011 04:16,16.8S,85.6W,,,,,,2.20E+10,0.079,-1,-16.8,16.8,85.6,85.6,1
20-11-2022 15:35,17.0S,95.7W,50,,,,,3.30E+10,0.11,-1,-17,17,95.7,95.7,1
05-06-2016 06:12,17.4S,138.3E,28.7,14.5,6,-11.9,5.7,3.31E+11,0.87,-1,-17.4,17.4,138.3,-138.3,-1
09-02-2002 19:50,17.7S,138.7E,,,,,,7.00E+10,0.22,-1,-17.7,17.7,138.7,-138.7,-1
19-07-2000 17:40,17.7S,94.1E,,,,,,1.07E+11,0.32,-1,-17.7,17.7,94.1,-94.1,-1
22-07-2008 19:34,17.8S,89.2W,54.4,,,,,6.10E+10,0.2,-1,-17.8,17.8,89.2,89.2,1
09-06-2021 05:43,17.9S,55.3W,,,,,,2.30E+10,0.082,-1,-17.9,17.9,55.3,55.3,1
31-03-1999 23:54,17.9S,22.6E,,,,,,2.34E+11,0.64,-1,-17.9,17.9,22.6,-22.6,-1
11-08-2002 20:42,18.2S,159.4E,,,,,,1.51E+12,3.3,-1,-18.2,18.2,159.4,-159.4,-1
09-10-2017 12:51,18.3S,64.1W,,,,,,3.00E+10,0.1,-1,-18.3,18.3,64.1,64.1,1
27-08-2012 06:57,18.3S,64.2E,38.7,28.9,-8,-23.7,-14.5,6.80E+10,0.22,-1,-18.3,18.3,64.2,-64.2,-1
02-02-2004 18:52,18.3S,52.3E,,,,,,3.00E+10,0.1,-1,-18.3,18.3,52.3,-52.3,-1
07-04-2003 09:25,18.4S,162.6E,,,,,,2.20E+10,0.079,-1,-18.4,18.4,162.6,-162.6,-1
15-01-2014 02:46,18.5S,141.8E,29.6,,,,,1.40E+11,0.41,-1,-18.5,18.5,141.8,-141.8,-1
13-09-2019 02:02,18.6S,126.9E,27.4,13.5,5.2,-8.1,9.5,4.20E+10,0.14,-1,-18.6,18.6,126.9,-126.9,-1
27-11-2014 12:12,18.8S,73.4W,38,,,,,5.50E+10,0.18,-1,-18.8,18.8,73.4,73.4,1
07-02-2013 13:12,18.8S,158.6W,,,,,,6.50E+10,0.21,-1,-18.8,18.8,158.6,158.6,1
11-09-2012 22:07,18.9S,105.2E,,,,,,5.20E+10,0.17,-1,-18.9,18.9,105.2,-105.2,-1
17-05-2004 02:08,18.9S,28.3E,44,,,,,5.50E+10,0.18,-1,-18.9,18.9,28.3,-28.3,-1
12-10-2013 16:06,19.1S,25.0W,22.2,12.8,-8,8.4,-5.5,1.61E+12,3.5,-1,-19.1,19.1,25,25,1
25-05-2019 06:44,19.2S,89.4E,29.2,15.8,0.2,-15.7,2.1,4.90E+10,0.16,-1,-19.2,19.2,89.4,-89.4,-1
01-02-2018 12:21,19.4S,104.3E,37,16.5,8.1,-8.4,-11.7,1.90E+11,0.53,-1,-19.4,19.4,104.3,-104.3,-1
13-09-2011 23:36,19.9S,13.8W,21.3,16.7,-3.7,1.8,16.2,6.70E+10,0.21,-1,-19.9,19.9,13.8,13.8,1
22-07-2020 02:55,20.0S,103.8W,36,,,,,2.20E+10,0.079,-1,-20,20,103.8,103.8,1
15-04-2023 08:22,20.1S,36.0E,41.4,17.2,1.6,-14.7,8.8,3.10E+12,6.3,-1,-20.1,20.1,36,-36,-1
12-11-2002 21:49,21.1S,6.8W,,,,,,4.30E+10,0.14,-1,-21.1,21.1,6.8,6.8,1
02-06-2018 16:44,21.2S,23.3E,28.7,16.9,0.9,-16.4,3.9,3.75E+11,0.98,-1,-21.2,21.2,23.3,-23.3,-1
26-10-2017 22:05,21.3S,177.6E,42.5,,,,,5.58E+11,1.4,-1,-21.3,21.3,177.6,-177.6,-1
02-01-2005 23:09,21.3S,154.7E,35.2,21.5,20.2,-3.3,6.6,1.19E+11,0.35,-1,-21.3,21.3,154.7,-154.7,-1
09-03-2005 15:47,21.4S,157.9W,44.4,,,,,5.30E+10,0.17,-1,-21.4,21.4,157.9,157.9,1
07-05-2015 20:34,21.5S,29.3W,37,17.3,-16.2,-5.8,1.4,5.20E+10,0.17,-1,-21.5,21.5,29.3,29.3,1
05-08-2010 19:31,21.5S,46.6E,,,,,,3.60E+10,0.12,-1,-21.5,21.5,46.6,-46.6,-1
09-08-2005 14:35,21.5S,56.2E,37,16.9,-16.3,4.3,1.4,2.50E+10,0.089,-1,-21.5,21.5,56.2,-56.2,-1
15-03-2009 05:44,21.7S,98.6W,,,,,,3.20E+10,0.11,-1,-21.7,21.7,98.6,98.6,1
21-11-2009 20:53,22.0S,29.2E,38,32.1,3,-17,27,1.00E+13,18,-1,-22,22,29.2,-29.2,-1
28-11-2019 11:55,22.1S,25.7E,22.5,24.7,-22.8,-5.5,7.6,2.50E+10,0.089,-1,-22.1,22.1,25.7,-25.7,-1
19-04-2018 13:39,22.2S,72.6E,31.5,10.9,-5.9,-9.1,1.4,5.12E+11,1.3,-1,-22.2,22.2,72.6,-72.6,-1
21-06-2010 06:42,22.5S,120.9W,,,,,,1.63E+11,0.47,-1,-22.5,22.5,120.9,120.9,1
26-04-1999 11:33,22.5S,6.5E,,,,,,9.20E+10,0.28,-1,-22.5,22.5,6.5,-6.5,-1
24-02-2012 19:11,22.7S,30.8E,,,,,,3.70E+10,0.13,-1,-22.7,22.7,30.8,-30.8,-1
26-11-2003 02:00,22.9S,22.7E,32,,,,,3.50E+10,0.12,-1,-22.9,22.9,22.7,-22.7,-1
20-02-2013 13:13,23.0S,38.8W,,13.6,-11,-8,-1,3.20E+10,0.1,-1,-23,23,38.8,38.8,1
07-10-2006 12:18,23.0S,61.8W,40.7,,,,,4.10E+10,0.14,-1,-23,23,61.8,61.8,1
09-08-2006 04:30,23.1S,53.7E,37,,,,,1.02E+12,2.4,-1,-23.1,23.1,53.7,-53.7,-1
28-12-1997 03:58,23.1S,152.4E,,,,,,3.10E+10,0.11,-1,-23.1,23.1,152.4,-152.4,-1
22-07-2022 00:16,23.3S,20.5W,32.7,17.4,-7.1,15.5,-3.3,6.00E+10,0.19,-1,-23.3,23.3,20.5,20.5,1
09-01-2015 17:31,23.3S,49.2W,,,,,,2.20E+10,0.079,-1,-23.3,23.3,49.2,49.2,1
11-06-2007 09:47,23.4S,170.9W,35.2,17,16.7,-2.1,-2.2,4.90E+10,0.16,-1,-23.4,23.4,170.9,170.9,1
25-09-2018 14:10,23.5S,56.8E,33,16.5,-16.2,2.8,0.6,8.06E+11,1.9,-1,-23.5,23.5,56.8,-56.8,-1
19-05-2019 14:47,23.6S,132.8E,33.3,15.2,7.3,-12.2,5.3,3.30E+10,0.11,-1,-23.6,23.6,132.8,-132.8,-1
20-03-2023 06:53,23.7S,132.6E,34.8,,,,,2.70E+10,0.095,-1,-23.7,23.7,132.6,-132.6,-1
15-01-2020 06:31,23.7S,125.2W,31.5,,,,,1.96E+11,0.55,-1,-23.7,23.7,125.2,125.2,1
18-06-2009 04:39,23.7S,16.0W,57.4,,,,,3.30E+10,0.11,-1,-23.7,23.7,16,16,1
19-03-2019 02:06,24.0S,140.3E,28.7,16.2,10.2,0.4,12.6,2.00E+10,0.073,-1,-24,24,140.3,-140.3,-1
19-11-2017 04:17,24.2S,135.0E,33.3,11.4,6.7,-3.4,8.6,2.80E+10,0.098,-1,-24.2,24.2,135,-135,-1
23-03-2020 16:51,24.4S,67.9W,25,,,,,1.33E+11,0.39,-1,-24.4,24.4,67.9,67.9,1
22-08-2019 21:47,24.4S,92.9W,30.2,,,,,2.00E+10,0.073,-1,-24.4,24.4,92.9,92.9,1
16-07-2009 06:39,24.4S,59.8W,32.2,,,,,7.27E+11,1.8,-1,-24.4,24.4,59.8,59.8,1
13-06-2002 15:29,24.9S,111.4E,,,,,,1.91E+11,0.54,-1,-24.9,24.9,111.4,-111.4,-1
08-04-2015 04:06,25.5S,51.5E,36.3,19.2,8,-15.6,-7.9,1.73E+11,0.49,-1,-25.5,25.5,51.5,-51.5,-1
30-04-2017 21:28,25.7S,56.2E,32.4,21.5,-13.4,-14.2,8.9,1.50E+11,0.43,-1,-25.7,25.7,56.2,-56.2,-1
05-09-2010 23:37,25.9S,49.0E,35.2,,,,,6.83E+11,1.7,-1,-25.9,25.9,49,-49,-1
14-05-2017 09:30,26.0S,32.4E,33,,,,,3.50E+10,0.12,-1,-26,26,32.4,-32.4,-1
08-03-2017 22:21,26.1S,174.9E,37,,,,,7.20E+10,0.23,-1,-26.1,26.1,174.9,-174.9,-1
17-06-2010 04:24,26.1S,100.0E,42,,,,,1.19E+11,0.35,-1,-26.1,26.1,100,-100,-1
02-02-2023 20:49,26.2S,143.1W,33,,,,,3.00E+10,0.1,-1,-26.2,26.2,143.1,143.1,1
12-10-2011 07:13,26.4S,78.4W,,,,,,3.60E+10,0.12,-1,-26.4,26.4,78.4,78.4,1
16-12-1999 00:07,26.5S,11.3W,,,,,,6.70E+10,0.21,-1,-26.5,26.5,11.3,11.3,1
27-06-2009 13:08,26.6S,12.6W,26.1,15.2,-11.6,1.6,9.7,3.20E+10,0.11,-1,-26.6,26.6,12.6,12.6,1
27-06-2008 02:01,26.9S,17.7W,33.7,23.1,-17.9,13,6.6,1.72E+11,0.49,-1,-26.9,26.9,17.7,17.7,1
20-08-2011 20:01,27.2S,2.8W,,,,,,2.30E+10,0.082,-1,-27.2,27.2,2.8,2.8,1
07-10-2004 13:14,27.3S,71.5E,35,19.2,-15.3,1,11.6,1.04E+13,18,-1,-27.3,27.3,71.5,-71.5,-1
07-02-2017 17:37,27.4S,14.8W,54,,,,,2.00E+10,0.073,-1,-27.4,27.4,14.8,14.8,1
19-01-2005 01:43,27.5S,164.9W,40.7,,,,,1.41E+11,0.41,-1,-27.5,27.5,164.9,164.9,1
02-06-2000 18:44,27.5S,18.9W,,,,,,3.00E+10,0.1,-1,-27.5,27.5,18.9,18.9,1
20-11-2011 05:25,27.9S,116.3E,,,,,,2.30E+10,0.082,-1,-27.9,27.9,116.3,-116.3,-1
21-04-2013 06:23,28.1S,64.6W,40.7,14.9,5,14,1,1.07E+12,2.5,-1,-28.1,28.1,64.6,64.6,1
18-05-2004 11:12,28.1S,47.4W,,,,,,3.94E+11,1,-1,-28.1,28.1,47.4,47.4,1
02-01-2004 04:27,28.2S,3.2E,63,,,,,1.34E+11,0.39,-1,-28.2,28.2,3.2,-3.2,-1
11-07-1995 18:38,28.5S,93.3E,,,,,,1.30E+11,0.38,-1,-28.5,28.5,93.3,-93.3,-1
07-02-2022 20:06,28.7S,11.4E,26.5,13.1,-8.9,-7.3,-6.3,3.48E+12,7,-1,-28.7,28.7,11.4,-11.4,-1
29-03-2014 13:45,28.7S,121.5E,30.7,16.3,10,-12.7,2.2,3.90E+10,0.13,-1,-28.7,28.7,121.5,-121.5,-1
25-07-2002 15:57,28.7S,47.0E,,,,,,2.30E+11,0.63,-1,-28.7,28.7,47,-47,-1
03-03-2014 15:00,29.0S,94.9W,,,,,,9.40E+10,0.29,-1,-29,29,94.9,94.9,1
23-09-2006 18:52,29.0S,108.0W,,,,,,1.21E+11,0.36,-1,-29,29,108,108,1
18-11-2008 09:41,29.4S,75.9E,35.2,22.4,-4,-15.2,-16,2.50E+10,0.089,-1,-29.4,29.4,75.9,-75.9,-1
21-10-2020 06:38,29.7S,93.9W,39,,,,,2.70E+10,0.095,-1,-29.7,29.7,93.9,93.9,1
19-12-2011 11:35,30.2S,52.6E,36.1,,,,,1.35E+11,0.4,-1,-30.2,30.2,52.6,-52.6,-1
06-02-2016 13:55,30.4S,25.5W,31,15.6,2.7,14.5,5,6.85E+12,13,-1,-30.4,30.4,25.5,25.5,1
25-11-2020 12:20,30.5S,81.0W,,,,,,2.10E+10,0.076,-1,-30.5,30.5,81,81,1
29-11-2016 08:05,30.6S,93.1W,,,,,,3.10E+10,0.11,-1,-30.6,30.6,93.1,93.1,1
09-11-2005 07:33,31.0S,145.9E,30.7,13.8,13.5,-2.7,-0.7,7.30E+10,0.23,-1,-31,31,145.9,-145.9,-1
03-06-2005 08:15,31.0S,90.3W,29.6,26.2,-1.5,25.3,6.7,8.20E+10,0.25,-1,-31,31,90.3,90.3,1
02-01-2015 13:39,31.1S,140.0E,38.1,18.1,4.5,-14.4,-10,2.00E+10,0.073,-1,-31.1,31.1,140,-140,-1
05-09-1997 11:41,31.1S,56.4E,,,,,,1.90E+11,0.53,-1,-31.1,31.1,56.4,-56.4,-1
30-03-1996 04:03,31.1S,84.3W,,,,,,1.20E+11,0.36,-1,-31.1,31.1,84.3,84.3,1
12-02-2003 02:37,31.5S,107.5E,,,,,,1.20E+11,0.36,-1,-31.5,31.5,107.5,-107.5,-1
12-02-2012 05:25,31.7S,54.9E,61,,,,,1.40E+11,0.41,-1,-31.7,31.7,54.9,-54.9,-1
11-10-2000 23:29,31.7S,5.5W,,,,,,8.10E+10,0.25,-1,-31.7,31.7,5.5,5.5,1
31-07-2013 03:50,31.8S,137.1E,29.1,17.8,17.7,-2.3,-0.1,6.90E+10,0.22,-1,-31.8,31.8,137.1,-137.1,-1
07-04-2008 01:22,31.8S,58.5W,,,,,,2.10E+10,0.076,-1,-31.8,31.8,58.5,58.5,1
30-06-2022 04:02,31.9S,12.9W,56,,,,,9.10E+10,0.28,-1,-31.9,31.9,12.9,12.9,1
27-09-2006 08:33,32.0S,60.2E,48.1,,,,,1.07E+11,0.32,-1,-32,32,60.2,-60.2,-1
18-03-2010 16:11,32.4S,51.8W,,,,,,1.75E+11,0.5,-1,-32.4,32.4,51.8,51.8,1
12-03-2013 10:32,32.7S,17.1E,26,,,,,2.90E+10,0.1,-1,-32.7,32.7,17.1,-17.1,-1
20-05-2016 11:59,32.8S,15.1E,30.6,20.8,5.4,-9.9,17.5,2.00E+10,0.073,-1,-32.8,32.8,15.1,-15.1,-1
18-02-2014 12:50,32.8S,61.5W,,,,,,2.60E+10,0.092,-1,-32.8,32.8,61.5,61.5,1
26-04-1999 09:49,32.8S,159.1E,,,,,,3.30E+10,0.11,-1,-32.8,32.8,159.1,-159.1,-1
30-04-2008 01:18,33.6S,35.1W,,,,,,2.00E+10,0.073,-1,-33.6,33.6,35.1,35.1,1
08-11-2021 05:28,33.8S,7.7W,36,,,,,3.30E+10,0.11,-1,-33.8,33.8,7.7,7.7,1
03-12-2005 12:45,33.8S,117.4E,32.2,17,-12.1,-9.6,7.2,8.80E+10,0.27,-1,-33.8,33.8,117.4,-117.4,-1
29-07-2014 03:07,33.9S,115.9W,,,,,,5.30E+10,0.17,-1,-33.9,33.9,115.9,115.9,1
06-07-2010 23:54,34.1S,174.5W,26,15.7,12.1,10,0.2,7.56E+12,14,-1,-34.1,34.1,174.5,174.5,1
11-04-2005 05:20,34.2S,95.7W,37,,,,,1.06E+11,0.32,-1,-34.2,34.2,95.7,95.7,1
25-09-2018 00:16,34.3S,44.9E,40.7,12.5,-11,2.5,-5.5,5.30E+10,0.17,-1,-34.3,34.3,44.9,-44.9,-1
30-06-2017 14:26,34.3S,134.5E,20,15.2,10.9,-9.7,4.2,9.40E+10,0.29,-1,-34.3,34.3,134.5,-134.5,-1
12-08-2013 18:08,34.4S,118.2E,66.6,,,,,4.40E+10,0.15,-1,-34.4,34.4,118.2,-118.2,-1
07-12-2016 04:51,34.5S,126.6W,,,,,,1.17E+11,0.35,-1,-34.5,34.5,126.6,126.6,1
06-05-2021 05:54,34.7S,141.0E,31,26.6,9.6,-24.4,-4.6,2.10E+10,0.076,-1,-34.7,34.7,141,-141,-1
14-08-2022 07:39,35.0S,78.4E,55.5,,,,,4.68E+11,1.2,-1,-35,35,78.4,-78.4,-1
02-08-2020 16:36,35.1S,34.2W,38,11.1,0.5,6,9.3,7.40E+10,0.23,-1,-35.1,35.1,34.2,34.2,1
04-01-1998 23:00,35.1S,33.4E,30,17.1,6,-10.6,12,7.40E+10,0.23,-1,-35.1,35.1,33.4,-33.4,-1
07-10-2007 13:31,35.2S,125.6E,,,,,,5.80E+10,0.19,-1,-35.2,35.2,125.6,-125.6,-1
27-09-2009 22:22,36.0S,67.6W,37,,,,,8.90E+10,0.27,-1,-36,36,67.6,67.6,1
30-03-2015 21:33,36.1S,5.5W,33.1,13.8,-13.7,-1.7,0.8,6.40E+10,0.2,-1,-36.1,36.1,5.5,5.5,1
26-10-2005 21:30,36.3S,80.5W,16.7,,,,,1.38E+11,0.4,-1,-36.3,36.3,80.5,80.5,1
08-05-2014 19:42,36.9S,87.3E,35.4,19,-2,-16.1,9.9,1.05E+12,2.4,-1,-36.9,36.9,87.3,-87.3,-1
26-02-2010 22:46,37.3S,166.0W,,,,,,2.37E+11,0.65,-1,-37.3,37.3,166,166,1
14-11-2018 04:03,37.6S,83.5E,37,,,,,3.80E+10,0.13,-1,-37.6,37.6,83.5,-83.5,-1
10-07-1999 08:11,37.8S,39.6E,52,,,,,3.26E+11,0.86,-1,-37.8,37.8,39.6,-39.6,-1
30-09-1997 12:31,38.1S,63.9E,,,,,,2.30E+10,0.082,-1,-38.1,38.1,63.9,-63.9,-1
26-03-2020 23:27,38.3S,23.5E,26.5,20.7,-10,3.2,17.8,1.24E+11,0.37,-1,-38.3,38.3,23.5,-23.5,-1
14-09-2019 12:39,38.6S,33.5W,38,15.9,-12.9,8.1,4.6,1.09E+11,0.33,-1,-38.6,38.6,33.5,33.5,1
18-05-2020 01:11,38.7S,77.2E,25,,,,,1.62E+11,0.46,-1,-38.7,38.7,77.2,-77.2,-1
21-05-2019 13:21,38.8S,137.5E,31.5,11.5,4.4,-8.5,6.4,6.56E+11,1.6,-1,-38.8,38.8,137.5,-137.5,-1
17-08-2003 13:16,39.0S,34.0E,,,,,,6.47E+11,1.6,-1,-39,39,34,-34,-1
08-03-2015 04:26,39.1S,118.6W,,,,,,2.00E+10,0.073,-1,-39.1,39.1,118.6,118.6,1
21-08-2018 12:26,39.2S,162.9W,37,,,,,2.20E+10,0.079,-1,-39.2,39.2,162.9,162.9,1
16-05-2014 20:06,39.4S,95.9W,30.8,18,2.9,13.4,-12.5,1.36E+11,0.4,-1,-39.4,39.4,95.9,95.9,1
06-01-2018 18:24,39.5S,12.8E,26,,,,,3.60E+10,0.12,-1,-39.5,39.5,12.8,-12.8,-1
07-07-1999 04:14,39.5S,174.4E,,,,,,1.40E+11,0.41,-1,-39.5,39.5,174.4,-174.4,-1
03-11-2016 17:14,39.6S,16.3W,37,,,,,7.60E+10,0.24,-1,-39.6,39.6,16.3,16.3,1
05-10-2018 00:27,39.8S,31.7W,31.5,14.7,-13.2,-6.5,-0.4,3.80E+10,0.13,-1,-39.8,39.8,31.7,31.7,1
25-07-2022 07:28,40.5S,76.6E,33.6,15.2,-2.1,-2.2,14.9,8.70E+10,0.27,-1,-40.5,40.5,76.6,-76.6,-1
04-08-2011 07:25,40.7S,86.7W,63,,,,,2.80E+10,0.098,-1,-40.7,40.7,86.7,86.7,1
25-10-2007 19:35,40.9S,91.3E,46.3,,,,,5.80E+10,0.19,-1,-40.9,40.9,91.3,-91.3,-1
02-11-2015 21:34,41.4S,33.0E,37,,,,,7.80E+10,0.24,-1,-41.4,41.4,33,-33,-1
03-10-2012 22:50,41.5S,21.9W,,17,-2.4,5.5,15.9,2.80E+11,0.75,-1,-41.5,41.5,21.9,21.9,1
07-07-2022 01:49,41.7S,175.0E,35,,,,,7.34E+11,1.8,-1,-41.7,41.7,175,-175,-1
27-03-2019 12:50,41.8S,7.4W,,,,,,2.20E+10,0.079,-1,-41.8,41.8,7.4,7.4,1
25-05-2012 11:31,41.8S,36.2W,,,,,,6.00E+10,0.19,-1,-41.8,41.8,36.2,36.2,1
10-06-2003 14:11,41.8S,122.9E,,,,,,3.20E+10,0.11,-1,-41.8,41.8,122.9,-122.9,-1
16-12-1994 09:41,42.2S,27.6E,,,,,,5.00E+10,0.16,-1,-42.2,42.2,27.6,-27.6,-1
16-05-2007 04:45,42.4S,164.0E,31.5,,,,,4.00E+11,1,-1,-42.4,42.4,164,-164,-1
06-04-2005 01:30,42.7S,154.6E,70,,,,,2.90E+10,0.1,-1,-42.7,42.7,154.6,-154.6,-1
10-04-2015 01:14,42.8S,8.2E,,,,,,6.50E+10,0.21,-1,-42.8,42.8,8.2,-8.2,-1
20-07-2022 10:56,43.0S,59.6W,32.2,16,-0.9,15.6,-3.6,8.60E+10,0.27,-1,-43,43,59.6,59.6,1
18-08-2006 00:03,43.0S,33.4E,47.2,,,,,3.20E+10,0.11,-1,-43,43,33.4,-33.4,-1
17-09-2015 21:03,43.1S,94.9E,,,,,,9.80E+10,0.3,-1,-43.1,43.1,94.9,-94.9,-1
11-08-2016 05:59,43.7S,53.8E,34.3,14.9,-0.7,-11.4,9.6,1.84E+11,0.52,-1,-43.7,43.7,53.8,-53.8,-1
06-10-2014 20:02,43.7S,85.7E,,,,,,3.90E+10,0.13,-1,-43.7,43.7,85.7,-85.7,-1
15-02-2018 13:38,43.8S,1.1W,50.7,,,,,2.70E+10,0.095,-1,-43.8,43.8,1.1,1.1,1
15-04-2005 06:54,43.8S,73.9W,39,,,,,2.10E+10,0.076,-1,-43.8,43.8,73.9,73.9,1
13-11-2006 15:16,44.0S,43.3E,,,,,,2.30E+10,0.082,-1,-44,44,43.3,-43.3,-1
29-08-2006 01:38,44.0S,162.0W,40.7,,,,,9.20E+10,0.28,-1,-44,44,162,162,1
14-01-1999 08:06,44.0S,129.7W,32,,,,,5.06E+12,9.8,-1,-44,44,129.7,129.7,1
15-03-2007 02:20,44.1S,148.4W,,,,,,2.50E+10,0.089,-1,-44.1,44.1,148.4,148.4,1
16-05-2014 12:42,44.2S,176.2W,44,16.5,14.4,4.6,6.5,3.09E+11,0.82,-1,-44.2,44.2,176.2,176.2,1
22-04-2004 04:21,44.3S,83.3E,29.6,16.3,8.5,-12.1,-6.8,6.24E+11,1.5,-1,-44.3,44.3,83.3,-83.3,-1
10-04-2009 18:42,44.7S,25.7E,32.4,19.1,-18.9,2.6,0.3,2.70E+11,0.73,-1,-44.7,44.7,25.7,-25.7,-1
27-07-2022 04:41,44.8S,2.9W,38.1,19.8,-6.1,17.7,6.5,5.24E+11,1.3,-1,-44.8,44.8,2.9,2.9,1
24-01-2021 07:33,45.0S,95.5E,37.5,19.2,13.3,-3.7,13.3,6.10E+10,0.2,-1,-45,45,95.5,-95.5,-1
20-10-1994 00:11,45.2S,1.9W,,,,,,8.70E+10,0.27,-1,-45.2,45.2,1.9,1.9,1
27-07-2011 23:00,45.3S,63.5E,29.6,,,,,4.40E+10,0.15,-1,-45.3,45.3,63.5,-63.5,-1
30-04-2018 13:17,45.5S,1.4W,34,13.1,8.7,-9.5,2.5,3.00E+10,0.1,-1,-45.5,45.5,1.4,1.4,1
09-01-2023 01:17,45.7S,135.0E,27,16.7,2.3,-0.4,16.5,9.00E+10,0.28,-1,-45.7,45.7,135,-135,-1
27-01-2016 09:59,45.8S,53.6E,37,11.5,-10,-4.4,3.6,5.00E+10,0.16,-1,-45.8,45.8,53.6,-53.6,-1
28-11-2014 11:47,45.8S,172.7W,26.1,13.4,0.4,-1.4,13.3,7.00E+11,1.7,-1,-45.8,45.8,172.7,172.7,1
30-03-2022 18:19,45.9S,171.4W,74,,,,,2.00E+10,0.073,-1,-45.9,45.9,171.4,171.4,1
10-05-2015 07:45,46.3S,179.3W,29.6,12.2,11.2,0.9,4.7,1.43E+11,0.42,-1,-46.3,46.3,179.3,179.3,1
15-07-2000 16:13,46.6S,163.3E,,,,,,2.10E+10,0.076,-1,-46.6,46.6,163.3,-163.3,-1
09-10-2006 04:45,47.0S,78.9E,22.2,,,,,4.10E+10,0.14,-1,-47,47,78.9,-78.9,-1
23-10-1996 08:28,47.3S,20.6E,,,,,,4.40E+10,0.15,-1,-47.3,47.3,20.6,-20.6,-1
10-12-2021 01:19,47.5S,172.6E,27.5,,,,,5.00E+10,0.16,-1,-47.5,47.5,172.6,-172.6,-1
23-12-2018 23:38,47.5S,174.4W,31.8,16.5,9.9,7.6,10.8,8.90E+10,0.27,-1,-47.5,47.5,174.4,174.4,1
14-02-2023 22:55,48.0S,53.3W,32.3,15.6,-15.1,3.7,-0.9,1.84E+11,0.52,-1,-48,48,53.3,53.3,1
03-03-2016 01:32,48.0S,51.0E,31.8,11.7,4.8,-7.1,7.9,5.80E+10,0.19,-1,-48,48,51,-51,-1
06-03-2021 08:43,48.6S,90.4E,31.1,18.1,12.7,-4.7,12,1.41E+11,0.41,-1,-48.6,48.6,90.4,-90.4,-1
12-07-2020 07:50,48.7S,74.0E,29.4,18.3,-5,-13,-11.9,7.50E+10,0.23,-1,-48.7,48.7,74,-74,-1
30-04-2015 10:21,48.7S,139.1E,26.7,12.9,12.2,-4.2,0.9,1.05E+11,0.32,-1,-48.7,48.7,139.1,-139.1,-1
22-04-2019 21:42,48.8S,67.8E,33.3,11.4,3.4,-4.2,10,1.24E+11,0.37,-1,-48.8,48.8,67.8,-67.8,-1
27-05-2005 14:12,48.9S,145.1E,50.5,,,,,2.00E+10,0.073,-1,-48.9,48.9,145.1,-145.1,-1
16-03-2016 23:54,49.2S,6.3W,42,13.3,-7.6,9.1,6,3.20E+10,0.11,-1,-49.2,49.2,6.3,6.3,1
29-07-2014 07:38,49.2S,172.2W,,,,,,7.30E+10,0.23,-1,-49.2,49.2,172.2,172.2,1
22-09-2007 17:57,49.2S,85.5W,30.2,16.9,-9.2,13.6,3.8,2.37E+11,0.65,-1,-49.2,49.2,85.5,85.5,1
22-05-2017 17:44,49.6S,157.6W,33,,,,,3.50E+10,0.12,-1,-49.6,49.6,157.6,157.6,1
05-10-1996 19:21,49.6S,145.9E,,,,,,2.50E+11,0.68,-1,-49.6,49.6,145.9,-145.9,-1
01-07-2005 22:36,49.8S,33.1E,50,,,,,3.10E+10,0.11,-1,-49.8,49.8,33.1,-33.1,-1
30-07-2013 02:36,50.2S,90.2E,25.6,18.8,15.9,-8.6,5.1,3.90E+11,1,-1,-50.2,50.2,90.2,-90.2,-1
19-04-2005 07:37,50.2S,146.4W,38.5,16.8,9.3,13.8,2.5,2.32E+11,0.64,-1,-50.2,50.2,146.4,146.4,1
01-08-2000 16:48,50.2S,101.9W,,,,,,1.82E+11,0.51,-1,-50.2,50.2,101.9,101.9,1
03-03-2022 00:03,50.4S,45.9E,72,,,,,2.10E+10,0.076,-1,-50.4,50.4,45.9,-45.9,-1
22-01-2004 01:06,50.6S,157.8E,37,,,,,2.32E+11,0.64,-1,-50.6,50.6,157.8,-157.8,-1
22-02-2017 18:47,50.7S,66.0W,,,,,,3.80E+10,0.13,-1,-50.7,50.7,66,66,1
10-10-2015 09:57,51.0S,21.1W,51.8,11.8,-1.3,-5.1,10.6,3.60E+10,0.12,-1,-51,51,21.1,21.1,1
01-11-2003 14:09,51.4S,151.7E,,,,,,7.30E+10,0.23,-1,-51.4,51.4,151.7,-151.7,-1
04-07-2011 09:18,51.7S,175.0E,,,,,,2.90E+10,0.1,-1,-51.7,51.7,175,-175,-1
28-01-2006 03:33,51.7S,56.4E,37,18.7,8.4,-16.4,3.2,7.40E+11,1.8,-1,-51.7,51.7,56.4,-56.4,-1
20-07-2020 21:25,51.8S,11.2W,31.6,14.1,-2.9,-1,-13.8,5.00E+10,0.16,-1,-51.8,51.8,11.2,11.2,1
22-09-2016 04:57,51.8S,178.5E,40,17.5,-2.5,-3.3,17,7.10E+10,0.22,-1,-51.8,51.8,178.5,-178.5,-1
22-08-2004 10:01,51.9S,22.7E,37,,,,,1.44E+12,3.2,-1,-51.9,51.9,22.7,-22.7,-1
15-01-2018 02:18,52.0S,57.2E,43.6,23.7,18.6,-12.1,8.4,1.99E+11,0.56,-1,-52,52,57.2,-57.2,-1
08-06-2007 13:32,52.0S,175.3E,38.9,,,,,2.35E+11,0.65,-1,-52,52,175.3,-175.3,-1
06-11-2000 07:18,52.0S,22.2W,,,,,,6.90E+10,0.22,-1,-52,52,22.2,22.2,1
16-05-2021 15:51,52.1S,171.2W,37,,,,,3.80E+10,0.13,-1,-52.1,52.1,171.2,171.2,1
25-11-2009 01:36,52.8S,136.5E,,,,,,6.40E+10,0.2,-1,-52.8,52.8,136.5,-136.5,-1
04-03-2020 20:25,53.3S,90.8E,24.3,19.8,-5.2,2.2,19,3.94E+11,1,-1,-53.3,53.3,90.8,-90.8,-1
24-12-2005 15:30,54.0S,17.3E,66,,,,,1.81E+11,0.51,-1,-54,54,17.3,-17.3,-1
20-06-2017 13:41,54.2S,133.0E,33.3,13.6,8.7,-5.7,8.8,6.36E+11,1.6,-1,-54.2,54.2,133,-133,-1
09-12-2010 02:54,54.5S,169.7W,66,,,,,6.30E+10,0.2,-1,-54.5,54.5,169.7,169.7,1
06-02-2006 01:57,54.5S,18.1E,35.2,,,,,1.19E+12,2.7,-1,-54.5,54.5,18.1,-18.1,-1
18-02-1999 23:15,54.9S,64.6W,,,,,,1.54E+11,0.44,-1,-54.9,54.9,64.6,64.6,1
11-10-2015 00:07,55.4S,18.8W,,,,,,3.00E+10,0.1,-1,-55.4,55.4,18.8,18.8,1
21-04-2022 22:15,55.5S,68.9W,28.4,12.7,-4.2,11.6,3.2,3.90E+10,0.13,-1,-55.5,55.5,68.9,68.9,1
09-11-2010 13:05,56.3S,16.7W,37,,,,,8.60E+10,0.27,-1,-56.3,56.3,16.7,16.7,1
27-08-2016 21:45,56.9S,162.2E,42,,,,,1.42E+11,0.41,-1,-56.9,56.9,162.2,-162.2,-1
10-10-2008 09:34,57.3S,17.0E,21.4,,,,,1.80E+11,0.51,-1,-57.3,57.3,17,-17,-1
07-11-1997 07:46,57.3S,167.2E,,,,,,8.00E+11,1.9,-1,-57.3,57.3,167.2,-167.2,-1
24-11-2008 22:01,57.9S,146.1E,34.8,23.7,21.5,10,0.4,1.46E+11,0.42,-1,-57.9,57.9,146.1,-146.1,-1
11-01-2022 03:33,58.4S,160.2W,40.8,22.8,-2.5,5.3,22,1.26E+12,2.9,-1,-58.4,58.4,160.2,160.2,1
23-09-2000 04:00,58.5S,142.6E,,,,,,2.20E+10,0.079,-1,-58.5,58.5,142.6,-142.6,-1
27-07-2018 09:35,58.8S,105.8E,32,,,,,1.05E+11,0.32,-1,-58.8,58.8,105.8,-105.8,-1
21-04-2018 12:06,59.0S,45.8E,28.2,14.6,7.1,-4.6,11.9,3.60E+10,0.12,-1,-59,59,45.8,-45.8,-1
15-01-1996 13:44,59.8S,175.8E,,,,,,2.60E+11,0.71,-1,-59.8,59.8,175.8,-175.8,-1
04-02-2003 14:07,59.9S,41.0E,,,,,,1.35E+11,0.4,-1,-59.9,59.9,41,-41,-1
06-05-2006 15:39,60.2S,152.3W,35.2,,,,,1.28E+11,0.38,-1,-60.2,60.2,152.3,152.3,1
18-03-2002 14:44,60.4S,120.5W,,,,,,2.00E+10,0.073,-1,-60.4,60.4,120.5,120.5,1
03-09-2010 12:04,61.0S,146.7E,33.3,12.3,9.8,-3.5,6.5,1.75E+12,3.8,-1,-61,61,146.7,-146.7,-1
26-12-2007 06:46,61.6S,158.9W,,,,,,1.36E+11,0.4,-1,-61.6,61.6,158.9,158.9,1
23-08-2014 06:29,61.7S,132.6E,22.2,16.2,-2.3,5.7,16.5,3.82E+12,7.6,-1,-61.7,61.7,132.6,-132.6,-1
15-05-2012 11:04,61.8S,135.5W,33.3,17.1,-0.8,1.1,17,1.32E+11,0.39,-1,-61.8,61.8,135.5,135.5,1
14-12-2011 05:01,62.9S,89.6E,32.4,,,,,5.00E+10,0.16,-1,-62.9,62.9,89.6,-89.6,-1
06-02-2003 17:00,62.9S,113.9W,,,,,,1.97E+11,0.55,-1,-62.9,62.9,113.9,113.9,1
31-12-2017 09:36,63.5S,101.3W,64.5,,,,,4.40E+10,0.15,-1,-63.5,63.5,101.3,101.3,1
10-01-2009 07:42,64.0S,122.8E,26.5,,,,,2.30E+10,0.082,-1,-64,64,122.8,-122.8,-1
04-02-2001 05:53,64.0S,97.3E,,,,,,1.51E+11,0.44,-1,-64,64,97.3,-97.3,-1
15-01-2012 12:26,64.1S,109.9E,26.3,12.3,-1.9,5.1,11,2.10E+10,0.076,-1,-64.1,64.1,109.9,-109.9,-1
10-11-2003 13:54,64.5S,136.2E,23,20.1,14.8,-8.7,10.4,5.18E+11,1.3,-1,-64.5,64.5,136.2,-136.2,-1
03-08-1999 18:25,64.7S,18.8W,,,,,,3.56E+11,0.93,-1,-64.7,64.7,18.8,18.8,1
20-02-2009 12:15,64.9S,70.0W,,,,,,5.00E+10,0.16,-1,-64.9,64.9,70,70,1
15-10-2017 04:33,65.2S,128.2E,24.1,15.9,9.5,-8.3,9.7,3.30E+10,0.11,-1,-65.2,65.2,128.2,-128.2,-1
14-04-2020 11:11,65.6S,45.6W,,,,,,2.00E+10,0.073,-1,-65.6,65.6,45.6,45.6,1
01-06-2013 22:49,65.6S,138.4E,28.9,,,,,3.40E+10,0.12,-1,-65.6,65.6,138.4,-138.4,-1
09-01-2008 03:53,66.8S,67.3W,31.5,11.6,4.3,5.7,9.1,4.10E+10,0.14,-1,-66.8,66.8,67.3,67.3,1
09-12-2003 22:36,67.1S,90.8W,,,,,,6.43E+11,1.6,-1,-67.1,67.1,90.8,90.8,1
20-09-2018 18:29,67.3S,75.1E,,11.1,-5.6,-7.9,5.5,8.30E+10,0.26,-1,-67.3,67.3,75.1,-75.1,-1
24-09-2010 12:02,67.4S,50.6W,,,,,,5.00E+10,0.16,-1,-67.4,67.4,50.6,50.6,1
23-08-2009 21:17,67.7S,18.3E,34,12.2,-6.9,5.3,8.5,2.80E+11,0.75,-1,-67.7,67.7,18.3,-18.3,-1
03-09-2004 12:07,67.7S,18.2E,31.5,,,,,7.26E+12,13,-1,-67.7,67.7,18.2,-18.2,-1
26-11-2014 17:40,68.2S,24.0W,37,19.9,-7,16.1,9.4,1.05E+11,0.32,-1,-68.2,68.2,24,24,1
24-12-2008 15:51,68.9S,102.0W,21.1,24.1,-13.4,18,8.8,3.50E+10,0.12,-1,-68.9,68.9,102,102,1
26-11-2014 23:16,69.5S,179.7W,23.3,25.3,21.3,2.2,13.4,1.18E+11,0.35,-1,-69.5,69.5,179.7,179.7,1
26-06-2022 20:16,69.7S,164.7E,19,20.1,0.2,-18.3,8.2,6.50E+10,0.21,-1,-69.7,69.7,164.7,-164.7,-1
29-12-2021 03:15,69.7S,115.0E,44,22,7.4,-8.6,18.8,2.00E+10,0.073,-1,-69.7,69.7,115,-115,-1
10-09-2012 01:03,69.8S,111.7W,23.8,16.9,-10.2,-5.2,12.4,2.30E+10,0.082,-1,-69.8,69.8,111.7,111.7,1
08-12-2015 00:34,69.9S,150.5E,38,,,,,1.97E+11,0.55,-1,-69.9,69.9,150.5,-150.5,-1
22-12-1995 13:26,70.2S,73.3W,,,,,,4.50E+11,1.1,-1,-70.2,70.2,73.3,73.3,1
06-01-2020 11:03,70.4S,17.5W,,,,,,4.50E+10,0.15,-1,-70.4,70.4,17.5,17.5,1
26-06-2014 05:54,71.5S,93.4E,28.5,11.2,7,2.9,8.3,6.10E+10,0.2,-1,-71.5,71.5,93.4,-93.4,-1
16-01-2020 09:31,71.7S,116.4W,27.8,12.9,9.8,-4.5,7,5.90E+10,0.19,-1,-71.7,71.7,116.4,116.4,1
01-12-2010 06:31,72.5S,144.9E,33.3,,,,,1.33E+11,0.39,-1,-72.5,72.5,144.9,-144.9,-1
11-03-2023 08:21,74.7S,79.5E,32,,,,,4.44E+11,1.1,-1,-74.7,74.7,79.5,-79.5,-1
19-10-2012 16:26,75.4S,49.6E,29.3,13.2,-2.3,-3.9,12.4,2.30E+10,0.082,-1,-75.4,75.4,49.6,-49.6,-1
07-05-2005 09:31,75.8S,163.7E,15.2,16.6,9.6,-9.7,9.4,2.60E+10,0.092,-1,-75.8,75.8,163.7,-163.7,-1
11-10-2009 12:49,78.3S,70.2E,27.8,,,,,7.10E+10,0.22,-1,-78.3,78.3,70.2,-70.2,-1
15-07-2006 23:55,78.3S,5.0W,29.6,12.4,0.1,2,12.2,8.50E+10,0.26,-1,-78.3,78.3,5,5,1
26-01-2006 00:00,79.8S,111.0W,37,,,,,5.30E+10,0.17,-1,-79.8,79.8,111,111,1
05-03-2021 13:50,81.1S,141.1E,32.5,23.3,10.1,-8.4,19.2,3.90E+10,0.13,-1,-81.1,81.1,141.1,-141.1,-1
18-04-2007 12:44,83.7S,171.2W,38,24.4,-5.3,-2.5,23.7,1.12E+11,0.33,-1,-83.7,83.7,171.2,171.2,1
30-10-2015 07:07,85.0S,161.7W,,,,,,1.80E+11,0.51,-1,-85,85,161.7,161.7,1
26-07-2023 03:41,18.9N,103.4W,36.1,15.6,-9.5,12.2,1.9,1.51E+11,0.44,1,18.9,,,103.4,1
07-07-2023 16:15,14.5N,126.6W,38.3,25.7,2.6,4.1,-25.2,2.60E+10,0.092,1,14.5,,,126.6,1
06-07-2023 05:52,59.3S,145.4W,71,,,,,3.00E+10,0.1,-1,-59.3,,,145.4,1
21-06-2023 19:39,12.4N,62.8E,40.4,16.5,7.3,-2,-16.4,5.43E+11,1.4,1,12.4,,,-62.8,-1
20-05-2023 11:22,17.8S,141.9E,29,27.9,25.4,6.9,9.3,3.58E+12,7.2,-1,-17.8,,,-141.9,-1
07-07-2021 13:41,,,,,,,,3.30E+10,0.11,-1,0,,,0,-1
22-03-2020 06:44,,,,,,,,2.50E+10,0.089,-1,0,,,0,-1
28-11-2019 13:22,,,,,,,,2.60E+10,0.092,-1,0,,,0,-1
29-01-2019 20:47,,,,,,,,2.50E+10,0.089,-1,0,,,0,-1
22-10-2018 07:11,,,,,,,,2.60E+10,0.092,-1,0,,,0,-1
28-12-2017 17:45,,,,,,,,1.14E+11,0.34,-1,0,,,0,-1
09-10-2013 17:27,,,,,,,,6.00E+10,0.19,-1,0,,,0,-1
31-07-2013 07:00,,,,,,,,3.90E+10,0.13,-1,0,,,0,-1
18-07-2013 00:46,,,,,,,,2.20E+10,0.079,-1,0,,,0,-1
13-06-2013 02:51,,,,,,,,2.20E+10,0.079,-1,0,,,0,-1
18-12-2012 11:19,,,,,,,,2.70E+10,0.095,-1,0,,,0,-1
25-10-2012 15:57,,,,,,,,3.00E+10,0.1,-1,0,,,0,-1
13-08-2012 05:31,,,,,,,,3.30E+10,0.11,-1,0,,,0,-1
05-06-2012 07:44,,,,,,,,2.40E+10,0.086,-1,0,,,0,-1
22-05-2012 08:31,,,,,,,,2.11E+11,0.59,-1,0,,,0,-1
11-12-2011 17:29,,,,,,,,2.90E+10,0.1,-1,0,,,0,-1
18-08-2011 14:55,,,,,,,,2.30E+10,0.082,-1,0,,,0,-1
11-08-2011 02:56,,,,,,,,3.50E+10,0.12,-1,0,,,0,-1
07-07-2011 23:25,,,,,,,,3.30E+10,0.11,-1,0,,,0,-1
27-04-2011 11:21,,,,,,,,2.40E+10,0.086,-1,0,,,0,-1
17-04-2011 11:21,,,,,,,,2.40E+10,0.086,-1,0,,,0,-1
11-04-2011 21:43,,,,,,,,3.80E+10,0.13,-1,0,,,0,-1
23-03-2011 04:24,,,,,,,,3.10E+10,0.11,-1,0,,,0,-1
08-10-2010 09:58,,,,,,,,2.00E+10,0.073,-1,0,,,0,-1
12-08-2010 02:59,,,,,,,,2.80E+10,0.098,-1,0,,,0,-1
15-03-2010 15:55,,,,,,,,8.00E+10,0.25,-1,0,,,0,-1
31-12-2009 16:24,,,,,,,,8.30E+10,0.26,-1,0,,,0,-1
18-11-2009 17:36,,,,,,,,8.50E+10,0.26,-1,0,,,0,-1
14-11-2009 19:58,,,,,,,,2.30E+10,0.082,-1,0,,,0,-1
03-07-2009 04:02,,,,,,,,2.70E+10,0.095,-1,0,,,0,-1
20-06-2009 11:04,,,,,,,,2.70E+10,0.095,-1,0,,,0,-1
13-05-2009 20:20,,,,,,,,7.30E+10,0.23,-1,0,,,0,-1
04-03-2009 00:38,,,,,,,,1.70E+11,0.48,-1,0,,,0,-1
01-03-2009 09:00,,,,,,,,2.00E+10,0.073,-1,0,,,0,-1
09-12-2008 06:08,,,,,,,,3.40E+10,0.12,-1,0,,,0,-1
09-09-2008 09:49,,,,,,,,5.90E+10,0.19,-1,0,,,0,-1
11-07-2008 14:35,,,,,,,,5.20E+10,0.17,-1,0,,,0,-1
06-05-2008 01:08,,,,,,,,5.70E+10,0.18,-1,0,,,0,-1
06-04-2008 16:03,,,,,,,,7.70E+10,0.24,-1,0,,,0,-1
24-02-2008 19:33,,,,,,,,7.40E+10,0.23,-1,0,,,0,-1
18-02-2008 08:51,,,,,,,,5.00E+10,0.16,-1,0,,,0,-1
16-02-2008 08:38,,,,,,,,7.10E+10,0.22,-1,0,,,0,-1
18-01-2008 01:17,,,,,,,,4.40E+10,0.15,-1,0,,,0,-1
16-04-2007 14:56,,,,,,,,2.40E+10,0.086,-1,0,,,0,-1
07-03-2007 15:16,,,,,,,,2.70E+10,0.095,-1,0,,,0,-1
02-09-2006 17:57,,,,,,,,2.20E+10,0.079,-1,0,,,0,-1
28-05-2006 01:32,,,,,,,,2.60E+10,0.092,-1,0,,,0,-1
07-05-2006 17:45,,,,,,,,3.00E+10,0.1,-1,0,,,0,-1
25-04-2006 18:46,,,,,,,,2.00E+10,0.073,-1,0,,,0,-1
26-02-2006 07:30,,,,,,,,7.00E+10,0.22,-1,0,,,0,-1
20-08-2005 12:10,,,,,,,,2.70E+10,0.095,-1,0,,,0,-1
14-05-2005 13:02,,,,,,,,1.29E+11,0.38,-1,0,,,0,-1
16-04-2005 10:40,,,,,,,,2.00E+10,0.073,-1,0,,,0,-1
05-04-2005 17:48,,,,,,,,3.50E+10,0.12,-1,0,,,0,-1
12-03-2005 22:16,,,,,,,,2.20E+10,0.079,-1,0,,,0,-1
06-03-2005 17:32,,,,,,,,5.50E+10,0.18,-1,0,,,0,-1
22-02-2005 22:51,,,,,,,,4.10E+10,0.14,-1,0,,,0,-1
17-11-2004 03:13,,,,,,,,1.86E+11,0.52,-1,0,,,0,-1
14-10-2004 11:41,,,,,,,,9.30E+10,0.28,-1,0,,,0,-1
10-10-2004 11:05,,,,,,,,3.00E+10,0.1,-1,0,,,0,-1
29-07-2004 12:41,,,,,,,,2.50E+10,0.089,-1,0,,,0,-1
25-07-2004 05:29,,,,,,,,1.97E+11,0.55,-1,0,,,0,-1
22-07-2004 03:34,,,,,,,,3.50E+10,0.12,-1,0,,,0,-1
16-07-2004 00:11,,,,,,,,2.90E+10,0.1,-1,0,,,0,-1
04-07-2004 16:58,,,,,,,,7.90E+10,0.25,-1,0,,,0,-1
03-07-2004 20:47,,,,,,,,6.50E+10,0.21,-1,0,,,0,-1
11-06-2004 15:41,,,,,,,,1.04E+11,0.31,-1,0,,,0,-1
04-06-2004 13:41,,,,,,,,3.39E+11,0.89,-1,0,,,0,-1
03-06-2004 21:59,,,,,,,,4.70E+10,0.16,-1,0,,,0,-1
06-05-2004 02:22,,,,,,,,4.90E+10,0.16,-1,0,,,0,-1
23-04-2004 00:33,,,,,,,,5.60E+10,0.18,-1,0,,,0,-1
27-02-2004 01:18,,,,,,,,6.00E+10,0.19,-1,0,,,0,-1
17-01-2004 20:11,,,,,,,,2.80E+10,0.098,-1,0,,,0,-1
16-01-2004 11:17,,,,,,,,9.80E+10,0.3,-1,0,,,0,-1
16-10-2003 00:47,,,,,,,,2.85E+11,0.77,-1,0,,,0,-1
13-10-2003 14:06,,,,,,,,3.00E+10,0.1,-1,0,,,0,-1
07-10-2003 00:23,,,,,,,,3.70E+10,0.13,-1,0,,,0,-1
22-09-2003 03:45,,,,,,,,3.30E+10,0.11,-1,0,,,0,-1
21-09-2003 07:40,,,,,,,,2.00E+10,0.073,-1,0,,,0,-1
20-09-2003 19:04,,,,,,,,3.00E+10,0.1,-1,0,,,0,-1
26-08-2003 22:08,,,,,,,,7.20E+10,0.23,-1,0,,,0,-1
26-08-2003 08:44,,,,,,,,2.49E+11,0.68,-1,0,,,0,-1
01-08-2003 04:09,,,,,,,,2.10E+10,0.076,-1,0,,,0,-1
21-07-2003 05:11,,,,,,,,5.80E+10,0.19,-1,0,,,0,-1
22-06-2003 22:53,,,,,,,,2.10E+10,0.076,-1,0,,,0,-1
21-06-2003 14:49,,,,,,,,3.80E+10,0.13,-1,0,,,0,-1
16-06-2003 17:17,,,,,,,,6.50E+10,0.21,-1,0,,,0,-1
19-05-2003 03:38,,,,,,,,5.21E+11,1.3,-1,0,,,0,-1
18-05-2003 07:51,,,,,,,,2.10E+10,0.076,-1,0,,,0,-1
28-04-2003 13:06,,,,,,,,2.30E+10,0.082,-1,0,,,0,-1
01-04-2003 04:40,,,,,,,,3.10E+10,0.11,-1,0,,,0,-1
12-02-2003 23:45,,,,,,,,7.90E+10,0.25,-1,0,,,0,-1
05-02-2003 06:16,,,,,,,,1.03E+11,0.31,-1,0,,,0,-1
30-01-2003 06:02,,,,,,,,1.07E+11,0.32,-1,0,,,0,-1
28-11-2002 15:41,,,,,,,,4.60E+10,0.15,-1,0,,,0,-1
04-10-2002 10:08,,,,,,,,1.17E+11,0.35,-1,0,,,0,-1
10-08-2002 18:01,,,,,,,,2.50E+10,0.089,-1,0,,,0,-1
29-06-2002 16:31,,,,,,,,1.59E+11,0.46,-1,0,,,0,-1
15-06-2002 11:51,,,,,,,,2.90E+10,0.1,-1,0,,,0,-1
02-04-2002 02:36,,,,,,,,3.20E+10,0.11,-1,0,,,0,-1
28-03-2002 21:29,,,,,,,,2.70E+10,0.095,-1,0,,,0,-1
19-03-2002 05:56,,,,,,,,8.30E+10,0.26,-1,0,,,0,-1
19-03-2002 02:56,,,,,,,,5.30E+10,0.17,-1,0,,,0,-1
03-01-2002 12:19,,,,,,,,1.23E+11,0.36,-1,0,,,0,-1
14-12-2001 17:58,,,,,,,,1.51E+11,0.44,-1,0,,,0,-1
12-12-2001 16:56,,,,,,,,9.80E+10,0.3,-1,0,,,0,-1
26-11-2001 06:51,,,,,,,,1.92E+11,0.54,-1,0,,,0,-1
13-11-2001 10:58,,,,,,,,3.12E+11,0.83,-1,0,,,0,-1
11-11-2001 12:14,,,,,,,,1.30E+11,0.38,-1,0,,,0,-1
14-10-2001 12:03,,,,,,,,8.90E+10,0.27,-1,0,,,0,-1
12-10-2001 03:11,,,,,,,,6.20E+10,0.2,-1,0,,,0,-1
06-10-2001 06:29,,,,,,,,1.58E+11,0.45,-1,0,,,0,-1
25-09-2001 11:54,,,,,,,,4.20E+10,0.14,-1,0,,,0,-1
26-08-2001 16:08,,,,,,,,3.80E+10,0.13,-1,0,,,0,-1
18-08-2001 13:57,,,,,,,,4.00E+10,0.13,-1,0,,,0,-1
06-05-2001 04:30,,,,,,,,5.00E+10,0.16,-1,0,,,0,-1
27-04-2001 09:46,,,,,,,,1.30E+11,0.38,-1,0,,,0,-1
14-04-2001 06:40,,,,,,,,2.40E+10,0.086,-1,0,,,0,-1
09-02-2001 21:27,,,,,,,,1.08E+11,0.32,-1,0,,,0,-1
28-11-2000 12:20,,,,,,,,1.19E+11,0.35,-1,0,,,0,-1
24-09-2000 06:57,,,,,,,,2.70E+10,0.095,-1,0,,,0,-1
09-07-2000 01:08,,,,,,,,1.21E+11,0.36,-1,0,,,0,-1
18-06-2000 13:40,,,,,,,,1.33E+11,0.39,-1,0,,,0,-1
04-06-2000 03:17,,,,,,,,1.90E+11,0.53,-1,0,,,0,-1
29-05-2000 16:46,,,,,,,,6.00E+10,0.19,-1,0,,,0,-1
21-04-2000 13:42,,,,,,,,8.60E+10,0.27,-1,0,,,0,-1
04-04-2000 13:38,,,,,,,,2.30E+10,0.082,-1,0,,,0,-1
19-03-2000 05:11,,,,,,,,4.90E+10,0.16,-1,0,,,0,-1
11-12-1999 17:31,,,,,,,,2.73E+11,0.74,-1,0,,,0,-1
10-12-1999 18:56,,,,,,,,2.80E+10,0.098,-1,0,,,0,-1
03-12-1999 17:24,,,,,,,,4.20E+10,0.14,-1,0,,,0,-1
01-12-1999 19:38,,,,,,,,2.30E+10,0.082,-1,0,,,0,-1
30-11-1999 02:18,,,,,,,,4.50E+10,0.15,-1,0,,,0,-1
06-08-1999 03:22,,,,,,,,6.80E+10,0.22,-1,0,,,0,-1
12-01-1999 19:24,,,,,,,,4.30E+10,0.14,-1,0,,,0,-1
11-01-1999 05:18,,,,,,,,2.40E+10,0.086,-1,0,,,0,-1
22-12-1998 09:24,,,,,,,,2.70E+10,0.095,-1,0,,,0,-1
03-10-1998 12:58,,,,,,,,3.20E+10,0.11,-1,0,,,0,-1
04-09-1998 09:16,,,,,,,,1.28E+11,0.38,-1,0,,,0,-1
30-08-1998 00:20,,,,,,,,4.10E+10,0.14,-1,0,,,0,-1
08-08-1998 12:55,,,,,,,,2.30E+10,0.082,-1,0,,,0,-1
28-07-1998 14:16,,,,,,,,6.30E+10,0.2,-1,0,,,0,-1
24-03-1998 09:08,,,,,,,,2.70E+10,0.095,-1,0,,,0,-1
08-01-1998 16:10,,,,,,,,6.20E+10,0.2,-1,0,,,0,-1
20-08-1997 17:16,,,,,,,,2.60E+10,0.092,-1,0,,,0,-1
15-08-1997 01:05,,,,,,,,2.20E+10,0.079,-1,0,,,0,-1
30-07-1997 03:01,,,,,,,,5.00E+10,0.16,-1,0,,,0,-1
22-05-1997 08:30,,,,,,,,4.50E+10,0.15,-1,0,,,0,-1
06-02-1997 18:28,,,,,,,,2.60E+10,0.092,-1,0,,,0,-1
28-01-1997 17:49,,,,,,,,2.40E+10,0.086,-1,0,,,0,-1
03-01-1997 15:08,,,,,,,,3.50E+11,0.92,-1,0,,,0,-1
10-12-1996 06:09,,,,,,,,2.50E+11,0.68,-1,0,,,0,-1
04-12-1996 17:00,,,,,,,,4.90E+10,0.16,-1,0,,,0,-1
01-12-1996 13:19,,,,,,,,6.20E+10,0.2,-1,0,,,0,-1
22-11-1996 10:06,,,,,,,,6.80E+10,0.22,-1,0,,,0,-1
08-11-1996 16:02,,,,,,,,6.10E+10,0.2,-1,0,,,0,-1
07-10-1996 17:43,,,,,,,,4.50E+10,0.15,-1,0,,,0,-1
17-08-1996 15:46,,,,,,,,3.40E+10,0.12,-1,0,,,0,-1
15-08-1996 16:07,,,,,,,,8.40E+10,0.26,-1,0,,,0,-1
09-08-1996 18:14,,,,,,,,3.00E+10,0.1,-1,0,,,0,-1
07-08-1996 03:16,,,,,,,,1.50E+11,0.43,-1,0,,,0,-1
06-08-1996 04:50,,,,,,,,1.30E+11,0.38,-1,0,,,0,-1
05-08-1996 19:27,,,,,,,,2.20E+11,0.61,-1,0,,,0,-1
05-08-1996 15:19,,,,,,,,8.00E+10,0.25,-1,0,,,0,-1
25-06-1996 11:22,,,,,,,,2.10E+10,0.076,-1,0,,,0,-1
08-05-1996 01:02,,,,,,,,2.80E+10,0.098,-1,0,,,0,-1
01-05-1996 13:19,,,,,,,,3.50E+10,0.12,-1,0,,,0,-1
31-03-1996 00:53,,,,,,,,2.70E+10,0.095,-1,0,,,0,-1
25-03-1996 17:00,,,,,,,,4.40E+10,0.15,-1,0,,,0,-1
13-03-1996 08:31,,,,,,,,2.30E+11,0.63,-1,0,,,0,-1
16-02-1996 07:03,,,,,,,,5.50E+10,0.18,-1,0,,,0,-1
18-01-1996 17:10,,,,,,,,1.20E+11,0.36,-1,0,,,0,-1
27-12-1995 12:55,,,,,,,,2.20E+10,0.079,-1,0,,,0,-1
25-11-1995 05:29,,,,,,,,2.90E+10,0.1,-1,0,,,0,-1
13-11-1995 03:10,,,,,,,,2.10E+10,0.076,-1,0,,,0,-1
01-10-1995 02:42,,,,,,,,3.50E+10,0.12,-1,0,,,0,-1
09-09-1995 07:38,,,,,,,,5.00E+11,1.3,-1,0,,,0,-1
24-08-1995 21:54,,,,,,,,1.20E+11,0.36,-1,0,,,0,-1
17-08-1995 16:39,,,,,,,,1.60E+11,0.46,-1,0,,,0,-1
06-08-1995 04:38,,,,,,,,5.50E+10,0.18,-1,0,,,0,-1
09-06-1995 09:28,,,,,,,,2.50E+10,0.089,-1,0,,,0,-1
02-04-1995 12:32,,,,,,,,2.50E+10,0.089,-1,0,,,0,-1
10-01-1995 21:08,,,,,,,,2.50E+10,0.089,-1,0,,,0,-1
02-01-1995 20:41,,,,,,,,3.00E+10,0.1,-1,0,,,0,-1
18-12-1994 12:45,,,,,,,,5.00E+10,0.16,-1,0,,,0,-1
27-10-1994 04:21,,,,,,,,3.20E+11,0.85,-1,0,,,0,-1
08-10-1994 03:24,,,,,,,,6.60E+10,0.21,-1,0,,,0,-1
22-09-1994 04:22,,,,,,,,6.70E+10,0.21,-1,0,,,0,-1
15-08-1994 23:16,,,,,,,,1.64E+11,0.47,-1,0,,,0,-1
03-06-1994 20:48,,,,,,,,5.09E+11,1.3,-1,0,,,0,-1
